Date_Forecast,JNJ,GS,RIO,AAPL,JPM,BHP,DIS,XOM,CVX,AMZN,BA,MSFT,NEE,NVDA,CAT,MCD,NVS
2007-12-21,0.023264127000000002,0.04535228,0.05772605,0.08339449,0.03641687,0.052192535,0.023608146,0.06342291,0.032575406,0.03743184,0.055324633,0.04612638,0.026180416,0.05464182,0.042926293,0.032685086,0.025529321
2007-12-28,0.022341304,0.058121726,0.045782212,0.046853445,0.035109185,0.04030446,0.024847986000000002,0.028422844,0.026072206,0.08605427,0.030516923999999997,0.025668154,0.031469513,0.056102023,0.036753267,0.039631024,0.0220635
2008-01-04,0.06934806,0.053315632,0.064487495,0.04480427,0.03146948,0.04563111,0.021916464,0.026210291,0.041219775,0.053054335999999994,0.041649695,0.033363074,0.03085047,0.05479843,0.044424284,0.032146726,0.028861776000000002
2008-01-11,0.020625567,0.03760584,0.045752257000000005,0.045408595,0.031678468,0.043211400000000004,0.023816148,0.034865946,0.038515307,0.054488953,0.041593662999999996,0.028024355,0.028475482000000003,0.050170615,0.03973182,0.02584692,0.023815066
2008-01-18,0.034864123999999996,0.04219382,0.06911669,0.049225925999999996,0.040362958,0.052146077,0.03640213,0.03122232,0.029582808,0.031773567,0.029274171,0.026533799999999996,0.07541221,0.050569486,0.056782953,0.05235,0.03623017
2008-01-25,0.020598784,0.078357555,0.06491985,0.049464975,0.050636698,0.045768794,0.03249761,0.025834404,0.05336868,0.06338258,0.041017845,0.025966056,0.03603611,0.050599154,0.07214573,0.05525781,0.028408637
2008-02-01,0.051072507999999996,0.048816557999999996,0.06322545,0.057572596,0.043393135,0.04539317,0.027346844,0.06163258,0.0565562,0.07915097,0.032211475,0.025883596000000002,0.03475224,0.066296205,0.111161605,0.027888745,0.030232854
2008-02-08,0.021274347000000002,0.041739292000000004,0.1022574,0.04864866,0.09615544,0.045453142,0.03706568,0.043118764000000004,0.027924703,0.052787215,0.03712338,0.027883573,0.031367853,0.057658434,0.09723983,0.02676776,0.05145731
2008-02-15,0.02949399,0.043304034000000005,0.05139365,0.05225179,0.033263955,0.08703597,0.034110595,0.028860055,0.02969767,0.04639396,0.038655378,0.026597298999999998,0.036826804,0.051382925,0.05265042,0.028078305,0.030243613
2008-02-22,0.030354677000000004,0.040931374,0.061919503,0.06163300000000001,0.050039962,0.04753395,0.022571752,0.04535541,0.031507533,0.04230128,0.03933108,0.028100694,0.031827834,0.05270824,0.0397342,0.03672931,0.05887453
2008-02-29,0.020227376000000002,0.040225517,0.05827308,0.04637777,0.05372807,0.047647268,0.023952313,0.029750423999999998,0.029942833,0.030588208,0.029746018,0.03181274,0.03738838,0.051488593,0.03947335,0.10637193,0.026709171
2008-03-07,0.103741795,0.05956478,0.05921943,0.06276877,0.043610554,0.046314158,0.03761631,0.027152412,0.029282852999999998,0.060741838,0.029500956000000002,0.03268988,0.05063377,0.05147197,0.20076261,0.02903052,0.036633282999999996
2008-03-14,0.038522705,0.046750177000000004,0.06521128,0.04836511,0.045456834,0.049414045999999996,0.05921397,0.05460877,0.026708202,0.050631512000000004,0.028656112,0.06454667,0.030470498,0.05796906,0.040122878,0.026658611000000002,0.027509706000000002
2008-03-21,0.019839281,0.050538704000000004,0.10350745,0.048640296,0.056398522,0.050023384000000004,0.025694582999999997,0.030969187999999998,0.027352038999999998,0.05187496,0.0339239,0.027892387999999997,0.045734804000000004,0.054122300000000005,0.04465642,0.031124894,0.036046552999999995
2008-03-28,0.04328205,0.043574132,0.064900964,0.05215449,0.14738043,0.108639374,0.03443977,0.036705117999999995,0.03160942,0.05482653,0.067066215,0.029177502,0.035519972000000004,0.051244408,0.047320685999999994,0.029972184,0.023757318
2008-04-04,0.04665157,0.052416347,0.077713296,0.053020555999999996,0.098776214,0.048154447,0.108130075,0.035910368,0.019011682,0.055946987000000004,0.059334468,0.048118304,0.04623544,0.05388943,0.039831087,0.03468936,0.027081618
2008-04-11,0.020850973000000002,0.048239037,0.06989254,0.09973614,0.09627728,0.052652523,0.023953164,0.032936223,0.06603345,0.044531163,0.034382645,0.048169427,0.031064277999999997,0.053065814,0.05372806,0.03424345,0.05133319
2008-04-18,0.033272985,0.054892737000000004,0.06305156,0.050391328,0.053113084000000005,0.054028085999999996,0.02486095,0.030260868,0.03877588,0.06181204,0.05954431,0.034389775,0.036059365,0.06987718,0.037403144,0.037628043,0.03866896
2008-04-25,0.02216449,0.0454107,0.062205996,0.05427502,0.05200508,0.05984399,0.024088922999999998,0.03499394,0.039991286,0.045466606,0.033011977000000005,0.03242088,0.05070565,0.0976988,0.076711714,0.032964226,0.034512606
2008-05-02,0.021940675,0.050382704,0.06444529,0.048356287000000005,0.04444894,0.060718413,0.062551126,0.029930308,0.04735034,0.0662875,0.02976152,0.029476877000000002,0.031831466,0.05028237,0.042023864,0.027900857999999997,0.04680394
2008-05-09,0.043808457,0.05654974,0.07801802,0.052194186,0.05818545,0.055283375,0.027870122,0.028323732,0.028400335,0.054160732999999996,0.038123988,0.046768628,0.047658075,0.0632496,0.04710504,0.03267674,0.03911828
2008-05-16,0.035051003,0.060235314000000005,0.06375534,0.04816855,0.047015112000000005,0.06682951,0.036849085,0.03621188,0.033806585,0.053785905,0.031338777000000005,0.055111285,0.037062846,0.05280102,0.045920315999999996,0.034058224,0.030988707999999997
2008-05-23,0.0239304,0.04898994,0.064275645,0.055607494,0.05434142,0.07813041,0.025608037,0.030515227000000002,0.03324874,0.05378478,0.04730842,0.06809568,0.036334734,0.052844197,0.039360538,0.053633794000000005,0.039731164
2008-05-30,0.023364715,0.048475082999999995,0.063177615,0.058657996,0.050542835,0.04724317,0.03978777,0.03777373,0.030604952999999997,0.06511189,0.033218052000000005,0.033029612,0.042764597,0.060020637,0.04034252,0.058385677999999996,0.029772779
2008-06-06,0.025336032999999997,0.05023533,0.06424515,0.055074755,0.05327395,0.051465515,0.04327215,0.035040345,0.028344026,0.06311996,0.04397139,0.054308305999999994,0.04210180400000001,0.06440744,0.04026954,0.049721512999999995,0.038573097
2008-06-13,0.032542348,0.05120853,0.06445722,0.04517208,0.046820354,0.04997454,0.039099722999999996,0.029036982000000003,0.026758326000000002,0.054461874,0.047646955,0.033727652999999996,0.039287355,0.05845117,0.042451076,0.04239501,0.039201327
2008-06-20,0.029517004,0.055992965,0.06600551,0.05026461,0.060554422000000004,0.04816398,0.04211967,0.046719838,0.033244602000000005,0.056181747000000004,0.052983902,0.042542513,0.03650211,0.06244197,0.04336592,0.029253569,0.030341958999999998
2008-06-27,0.06543262,0.05234008,0.11244018,0.04714987,0.055540897,0.04885139,0.02729801,0.038820192,0.031866017999999996,0.05304387,0.050441753,0.05351168,0.048024385999999995,0.057890172999999996,0.05094452,0.031390857,0.04514441
2008-07-04,0.025543444,0.048275787,0.062004242,0.05042642,0.04898823,0.049125955,0.0458501,0.061138872000000004,0.02669671,0.060953185,0.03416203,0.03583875,0.044269197,0.17424485,0.051797225999999995,0.028063723999999998,0.042341217
2008-07-11,0.033904497,0.0713146,0.049075007000000004,0.04595406,0.053388134000000004,0.048736934,0.032623477000000005,0.029338812000000002,0.026949292000000003,0.044542048,0.03698984,0.03529196,0.03914529,0.063074805,0.040603444,0.02975184,0.03753173
2008-07-18,0.035576142000000005,0.051054525999999996,0.06322694,0.049960945,0.055452444000000004,0.05361667,0.028042668,0.028732677999999998,0.02690344,0.056275003,0.036960416,0.033195566,0.036447812,0.06727711,0.04034468,0.029365,0.02001468
2008-07-25,0.025050396000000003,0.050434265,0.061896212,0.048266564000000005,0.05134665,0.048590813,0.026066162,0.042029534,0.02737113,0.06657381,0.039325133,0.036758434,0.03881643,0.044426188,0.04277741,0.06414721,0.03378456
2008-08-01,0.023663387,0.05082592,0.06302603,0.03455447,0.07780496,0.050308905999999994,0.033489127,0.027961759,0.029933672,0.062655136,0.05237384,0.03264448,0.034319688,0.07484326,0.048064455,0.04377153,0.03037762
2008-08-08,0.031283546,0.06978138,0.06405159,0.06036794,0.053386144,0.044141654,0.02660685,0.06400365,0.027118456000000003,0.0571572,0.038154624,0.034817588,0.034999937,0.05867105,0.039723813999999996,0.036294237,0.05789934
2008-08-15,0.026132751,0.05976255,0.061060507,0.052535936,0.04262226,0.05739383,0.027811977999999998,0.07215526,0.045207605,0.051861934000000005,0.041924473,0.05515941,0.034376774,0.07227094,0.042627345999999997,0.03254293,0.0777087
2008-08-22,0.02267321,0.05452405,0.06305617,0.05835929,0.047362685,0.04882774,0.03446641,0.03355269,0.027011337000000003,0.056778826,0.05790643,0.034054738,0.039559428,0.06444473,0.034730453,0.037479304,0.05527732
2008-08-29,0.024877608,0.035399966,0.06442632,0.048489622999999996,0.053064562,0.049649715,0.031094385,0.043605153,0.027166111,0.06937781,0.03841228,0.041192893,0.05296144,0.06852245,0.041523445,0.038475707000000005,0.045262158
2008-09-05,0.03110183,0.06307218,0.11870612,0.046429053,0.05919044,0.056527037,0.036400292,0.035527172999999995,0.044803437,0.051048223,0.039877217,0.06078255,0.037022036,0.06544763599999999,0.045469347,0.04960685,0.046169985
2008-09-12,0.03609302,0.07511491,0.083241984,0.045741584,0.05211881,0.05505595,0.031119464,0.028876897000000002,0.035945803,0.047655273,0.05670431,0.04114198,0.03438383,0.10761294,0.05198321,0.030828462999999997,0.032186937
2008-09-19,0.03748364,0.07187126,0.06709296,0.03815494,0.0530756,0.052668232,0.031640116,0.053194787,0.03063246,0.03267679,0.02943376,0.049841512000000004,0.03740785,0.17821132,0.042717088,0.051521502000000004,0.043252967
2008-09-26,0.020481663,0.07004305,0.06704178,0.048750773,0.060328327,0.057888202,0.06296258,0.06515923,0.035587747,0.06096186,0.039005857000000005,0.071649745,0.038504699999999996,0.07028166,0.047021672,0.03179838,0.043156485999999994
2008-10-03,0.02263996,0.057611205,0.06865742,0.12118773,0.058627202999999996,0.05637386,0.032752573,0.03190359,0.028600235,0.10314132,0.04455520599999999,0.048291113,0.05991609,0.07699272,0.05020813,0.034320716,0.048518013
2008-10-10,0.034512232999999996,0.089364655,0.06857961,0.054171484000000006,0.05406735,0.05530251,0.11900721,0.034646906,0.03710135,0.053120222,0.050370465999999996,0.12164647,0.14702435,0.20033407,0.047199603,0.045209542,0.04990219
2008-10-17,0.055276415999999995,0.063640535,0.07144235,0.06317242,0.05588804,0.058655362999999995,0.15528725,0.043319743,0.037565306,0.05877541,0.052991632000000004,0.13619907,0.04874343,0.21485637,0.05917114,0.03831222,0.16432236
2008-10-24,0.025194312000000003,0.18142167,0.16678527,0.05245269,0.08028836,0.06223556,0.043230295,0.03849037,0.03785968,0.054601897,0.12490539,0.076547086,0.10700538,0.21157135,0.04758276,0.06339757,0.034425213999999996
2008-10-31,0.04393369,0.0727595,0.17852935,0.054083694,0.08802297,0.063081615,0.053888127,0.03652448,0.03924956,0.0681843,0.05074218,0.057321872999999995,0.056553643,0.19404970000000002,0.056996875,0.051212322000000005,0.055706292000000004
2008-11-07,0.03097103,0.11188591,0.21453439,0.054672923,0.07304926,0.069384865,0.12573512,0.040823944,0.09210134,0.05875253,0.087776616,0.048487999999999996,0.048690505,0.20112596,0.063817546,0.048831812999999995,0.028545426000000002
2008-11-14,0.035236042,0.070468396,0.07654226,0.055842395999999996,0.06384716,0.20963673,0.064605735,0.04396246,0.0532425,0.1495203,0.050457414000000006,0.06299947,0.046074722,0.18961285,0.050901957000000005,0.052894500000000004,0.03639417
2008-11-21,0.038861495,0.36621547,0.14346261,0.06421133,0.07717124,0.20892207,0.056503914,0.049334135,0.090095274,0.066585965,0.080816686,0.047106302999999995,0.07707554,0.1625317,0.095978186,0.038897182999999995,0.048686545
2008-11-28,0.044503864000000004,0.26669377,0.08764285599999999,0.05581315,0.2980653,0.20594753,0.04737380000000001,0.029386535,0.07682457599999999,0.0662297,0.051631335,0.03564109,0.05853541599999999,0.14560533,0.05536609,0.045370422,0.03998939
2008-12-05,0.02971665,0.24590598,0.27013344,0.066461064,0.118949994,0.19040865,0.036385912,0.033397976,0.08121536,0.058153242,0.056934535999999994,0.053938072000000004,0.04448038,0.109553106,0.06209594400000001,0.04425128,0.048558507
2008-12-12,0.028120032000000003,0.18643816,0.30999887,0.08464693,0.07539746,0.14587517,0.034281906,0.05181245,0.074718334,0.06364656,0.04775775,0.044590313,0.047403835,0.10226114,0.0788415,0.0487325,0.05321412
2008-12-19,0.029785307,0.22291873,0.18877633,0.057236493,0.056616787,0.048028365,0.051942326,0.04108079,0.07932862,0.060561877,0.055470865,0.043703955,0.041774776,0.14826281,0.05920368,0.050261427000000004,0.04987587
2008-12-26,0.032357365,0.094733514,0.18146732,0.059126385,0.04894106,0.09203147,0.054639745999999996,0.05343930400000001,0.09995164,0.059833903,0.07099167,0.049600205999999994,0.03994665,0.15404522,0.05517492400000001,0.03826831,0.039914604
2009-01-02,0.024493465,0.08951255,0.22493406,0.05900677,0.08307139999999999,0.062131595,0.05066365,0.040283232999999995,0.062094867000000005,0.058757525,0.08119099,0.047206353,0.042598207,0.12592687,0.06369228,0.0387725,0.03673422
2009-01-09,0.034071855,0.18902096,0.105748355,0.05986000599999999,0.10203688,0.07426912,0.056552827,0.044358086,0.04818803,0.035981327,0.05888744,0.05707178,0.043219592,0.13127401,0.07353354,0.050938144000000005,0.039433468
2009-01-16,0.024060112999999998,0.099244654,0.13603474,0.057069972000000004,0.1286161,0.07988388,0.05161186,0.042874195,0.048753895,0.058291305,0.054222415999999996,0.045739785,0.05352893,0.12051659,0.055960345999999994,0.036320634,0.04570669
2009-01-23,0.04044904,0.10956346,0.11168073,0.0662173,0.08276288,0.07646542,0.04602902,0.043088815999999995,0.05398504,0.06302371,0.061958495999999995,0.046025965,0.053370747999999996,0.10696019,0.05625922,0.04506846,0.04734240000000001
2009-01-30,0.025273615,0.10078771,0.121809766,0.06332769999999999,0.07960919,0.09361523,0.03606319,0.03820363,0.05854864,0.060610004,0.06352257,0.046420842000000004,0.049584195,0.1284224,0.057967603,0.037665874,0.043997124000000006
2009-02-06,0.030392911,0.10544921,0.15972944,0.058735814000000004,0.0830559,0.11043611,0.044921987000000003,0.047059095999999995,0.04596004,0.06277300400000001,0.05547225,0.054036256,0.047399923,0.14721579999999998,0.072114535,0.038562868,0.04067053
2009-02-13,0.05311269999999999,0.10867941,0.09948636599999999,0.070927024,0.13813272,0.11118398,0.06458168,0.039650622999999996,0.06666264,0.06386139,0.054811355,0.09374243,0.047162199999999994,0.0976081,0.057945788,0.06466155,0.039434962000000004
2009-02-20,0.026341063999999997,0.09396686,0.16903834,0.07158966,0.15255512,0.08048966,0.06449740400000001,0.044551864000000004,0.05479062,0.052947547000000005,0.06344827,0.05127263,0.04465108,0.14325799,0.07505621,0.035600808,0.038927406
2009-02-27,0.036970932000000005,0.12589426,0.06843867,0.07087328,0.46106714,0.10588073,0.06254694,0.043989482999999996,0.050299055999999995,0.06308354,0.05878111,0.053842627000000004,0.037218798,0.15646495,0.08364121599999999,0.03646063,0.051257927
2009-03-06,0.03296234,0.15325008,0.09034348,0.08026477,0.34925345,0.08055019999999999,0.046689935,0.04002291,0.044202525,0.06650026,0.05699914,0.06608412,0.0644184,0.117938645,0.06320251,0.0414934,0.042450264
2009-03-13,0.040301245,0.11084300000000001,0.09135959,0.06030461,0.18100487,0.07794574,0.04840354,0.042055845,0.04680131,0.043160517,0.100614935,0.052583903,0.050157018,0.11877688,0.06841536,0.03422741,0.044297248
2009-03-20,0.034585677,0.15495433,0.093351685,0.059786197,0.23811612,0.06907288,0.053474075999999995,0.051872537,0.04924922,0.068243705,0.05835575,0.052852582,0.052353962999999996,0.10896310000000001,0.06425188,0.036674157,0.041272655
2009-03-27,0.042846613,0.11059781,0.10046624400000001,0.06722551,0.08965554,0.06959951,0.046500847000000005,0.042901999999999996,0.049233817,0.072089,0.08154861,0.05833044,0.048974786,0.11643076,0.06269722,0.036124628,0.04289764
2009-04-03,0.027937626,0.12451298,0.09156921,0.07416817,0.098936684,0.07969197,0.04779551,0.054062128,0.040075075,0.06444035,0.086126514,0.050591428,0.036825385,0.08771631,0.07179767,0.044567737999999996,0.04139132
2009-04-10,0.04707991,0.1309484,0.10278408,0.05859404,0.14519021,0.08021684,0.043910533,0.044515543,0.041016757,0.06492771,0.06037491,0.041305225,0.04694439,0.096117936,0.08248833,0.03752674,0.04188386
2009-04-17,0.030530047,0.082832925,0.08511685,0.05794273,0.10059573,0.06421681,0.045050415999999996,0.06469786,0.06281283,0.07020518,0.057956006,0.049899925,0.054126743,0.06286941,0.06042715,0.063408665,0.04402434
2009-04-24,0.057273377,0.06751329,0.071199425,0.05796873,0.07833836,0.06335949,0.05081253,0.037987325,0.0375925,0.06535827,0.04006608,0.05082744,0.06504631,0.11167756,0.07305328,0.039293423,0.038380306
2009-05-01,0.03959872,0.09595098,0.098715074,0.057045072,0.10084137,0.046869267,0.04687914,0.04332145,0.04835946,0.08026984,0.06460645,0.06197314,0.052718878,0.10176043,0.059622012,0.03569126,0.041258924
2009-05-08,0.035161164,0.06206261,0.07530567,0.057334047,0.07303976,0.082910575,0.04688348,0.049655892,0.049040336,0.064738266,0.059956122,0.036066256,0.042132862,0.10446664,0.0651387,0.044923503,0.045381675999999996
2009-05-15,0.040512964,0.103966065,0.06912842400000001,0.040767666,0.14098844,0.084248945,0.05093571,0.04080807,0.049954593,0.08107718,0.063027345,0.049366184,0.07177724,0.120666176,0.064426735,0.03678085,0.041182052000000004
2009-05-22,0.028923495,0.053208873,0.11046818,0.035023015,0.13637963,0.05050054,0.054402936,0.044459864,0.04916098,0.066011325,0.062148742,0.048306134,0.04788196,0.11777522,0.07127269,0.029221737999999997,0.09217133400000001
2009-05-29,0.029567804,0.051701896,0.08019267,0.040538542000000004,0.13234855,0.079182595,0.04987526,0.040877026000000004,0.042879645,0.06859971,0.10395996,0.05549111599999999,0.048641595999999995,0.105147906,0.06365352,0.04204533,0.045933533
2009-06-05,0.029363625,0.06327469,0.109360844,0.0670816,0.10733823,0.08440893,0.05205968,0.04189452,0.051856976,0.06498934,0.07154678,0.05079877,0.050700612,0.078103185,0.06763459,0.03601541,0.04288756
2009-06-12,0.038535766,0.075763695,0.11008557,0.044957004,0.057081815,0.08176902,0.049229722000000004,0.046188407,0.05190898,0.065609284,0.06577321,0.050524495999999995,0.04983564,0.10326602,0.07985686,0.037159696,0.0376429
2009-06-19,0.03899075,0.09476522,0.089508235,0.065345615,0.057761072999999996,0.06386912,0.04906389,0.0420559,0.050316766,0.050867733,0.06546707,0.069204114,0.06529821,0.06770096,0.06457533,0.04010716,0.04403987
2009-06-26,0.03185032,0.07638304,0.0762023,0.056305445999999995,0.07078963,0.07214592,0.04533145,0.04022185,0.06710879,0.06639088,0.07011339,0.046277347999999996,0.03992268,0.10351748,0.073090084,0.040465083,0.042018455
2009-07-03,0.02939507,0.07382272,0.09006405599999999,0.05534706599999999,0.043798182000000005,0.09239379,0.06026489,0.03716033,0.056837592,0.06513175,0.069602884,0.039420232,0.061085917,0.082257815,0.06558296,0.025039027000000002,0.031062374
2009-07-10,0.03920717,0.07320207,0.111351006,0.0403058,0.05032652,0.04609695,0.07127312,0.06026145,0.0720298,0.06490184,0.065041535,0.048753094000000004,0.049301527000000005,0.07431455,0.06631031,0.03578085,0.052196648
2009-07-17,0.039027814,0.10069856,0.16072562,0.054726347,0.05609638,0.079213105,0.050287504000000004,0.04141227,0.05286099,0.06669631,0.06446855,0.06616464,0.05159965,0.08027554,0.078993,0.034455255,0.049132127000000005
2009-07-24,0.03136474,0.07956640400000001,0.109020054,0.070393026,0.076262526,0.05109366,0.05902348,0.049096692000000004,0.05063883,0.06900141,0.06788016,0.05307159,0.056075864,0.075175315,0.08201495,0.046057705,0.039193906
2009-07-31,0.03226485,0.091650404,0.15863003,0.036901567,0.10183282,0.05038402,0.0637019,0.052259047,0.046230152000000004,0.08206822,0.0649477,0.079213925,0.049962245,0.06782656,0.09851204599999999,0.045757495,0.046053212
2009-08-07,0.040509958,0.056905545,0.10077554,0.054266807,0.06043095,0.084304504,0.051752158,0.048015047000000005,0.04944634,0.060602613,0.06395921,0.039408083999999996,0.040166527,0.07919356,0.08030707,0.04258173,0.043513699999999995
2009-08-14,0.042019315,0.1023868,0.09068082,0.05320473,0.10658292,0.049729377000000005,0.054689999999999996,0.04272845,0.055023953,0.06662171,0.047016744000000006,0.052944165,0.043869372000000004,0.08955756599999999,0.07440871,0.036554962,0.04502365
2009-08-21,0.028672343,0.118351206,0.08367436,0.04545874,0.08108872,0.07751457,0.051357355,0.045388825,0.054540943,0.09548495,0.0651286,0.051389415,0.036588926,0.10291675,0.07557665,0.038829215,0.040759273
2009-08-28,0.028040556,0.039032903,0.10780154,0.056989107000000004,0.051233362000000005,0.044835597000000005,0.042999286,0.039629347999999995,0.05204267,0.11322730000000002,0.06644287,0.055773485,0.056731798,0.051297407999999996,0.06918671,0.035201248,0.045968435999999994
2009-09-04,0.043829925,0.05620595,0.055869978,0.10345539,0.06616185599999999,0.047159635,0.05241309,0.033083600000000005,0.050182885999999996,0.07075128,0.066651374,0.05220391,0.05004991,0.05644909,0.055134814000000004,0.053671572,0.06231497
2009-09-11,0.026620957999999997,0.054390904000000004,0.06906571,0.050513715,0.093664676,0.07414811,0.054351274000000005,0.040367763,0.049312267,0.12899362,0.06553761,0.052635907999999995,0.046959553,0.07916761,0.0608279,0.050505605,0.103978254
2009-09-18,0.02883393,0.041312654,0.102777265,0.06429599,0.095711924,0.047318492000000004,0.054989293,0.04129243,0.076845914,0.062341667999999996,0.06513465,0.051035225,0.04670608,0.08294149,0.06883917,0.055565123,0.025178157000000003
2009-09-25,0.048168965,0.08995922,0.072395355,0.06361961,0.09516335,0.08130701,0.05398445599999999,0.050444199999999995,0.11443292,0.065222465,0.09306223,0.06084796,0.044849586,0.10114055,0.06755309,0.035919778,0.04418254
2009-10-02,0.040937222999999995,0.080289416,0.081807226,0.048335005,0.08141984,0.051615372,0.051169295,0.040528826000000004,0.05160933400000001,0.10022389,0.06592073,0.050512042,0.037432753,0.10194282,0.077249706,0.037564635,0.04892229
2009-10-09,0.03827243,0.077192225,0.08343242,0.06218406,0.06373757,0.051061254,0.057117216,0.038574718,0.053631242,0.044983063,0.066242665,0.050172977,0.05419956,0.07748827,0.06780800000000001,0.03801084,0.027065901
2009-10-16,0.031617854,0.04099158,0.07087585,0.050989232999999995,0.08022217,0.075552225,0.061582178,0.039304,0.04095163,0.063403726,0.053396236,0.0311593,0.045789644000000004,0.08160668,0.06887772,0.041986074000000005,0.04214101
2009-10-23,0.045126833,0.08636131,0.08666223,0.05239137,0.09465193,0.07036042,0.062240522,0.040932998,0.04214597,0.080037996,0.06585110000000001,0.04833313,0.053994857,0.07600172599999999,0.0791214,0.04421334,0.06843861
2009-10-30,0.04478803,0.059098233,0.10088729,0.05368383,0.09620136,0.06547399,0.05266404,0.045941672999999995,0.058234937,0.06398976,0.07099293,0.056469895,0.052240875,0.0766821,0.07089977,0.05402507,0.041017864
2009-11-06,0.038966883,0.038158596,0.08762386,0.05306337,0.06227028,0.08253733,0.06993492,0.045044363,0.04998928,0.10853021,0.05430458,0.05380066,0.04760244,0.079039894,0.079388395,0.032975275,0.036598515
2009-11-13,0.030643271,0.051889915,0.080725625,0.07657718,0.07900895,0.063853405,0.054620042,0.02931063,0.0505501,0.06951391,0.06553400000000001,0.05931093,0.052301317,0.10230911,0.08044268,0.05491755,0.03703222
2009-11-20,0.028325443999999998,0.08797137,0.111207716,0.04916827,0.09617532,0.095197804,0.053514622000000005,0.0428659,0.05236687,0.074076265,0.04350566,0.04995453,0.03646428,0.0624211,0.08322293,0.05026135599999999,0.036630332
2009-11-27,0.040726583,0.15441783,0.072923265,0.057574287,0.09748005,0.07010285,0.054185044,0.040040694,0.060658357999999996,0.063392445,0.064577855,0.0488518,0.04791934,0.08105842,0.07576495400000001,0.03670552,0.03524969
2009-12-04,0.046857957,0.054406177,0.10758326,0.06906626,0.07649309,0.07657759,0.059199374000000006,0.050521699999999996,0.056074988,0.05362492,0.064989425,0.048307057,0.03529547,0.106586814,0.069220796,0.043095447,0.03075452
2009-12-11,0.048151497,0.08480499999999999,0.07203662400000001,0.12265293,0.0873164,0.06357702,0.04878089,0.106461264,0.03738282,0.064182445,0.063865535,0.047632787,0.057355105999999996,0.06089071,0.07230242,0.031776287,0.030174345
2009-12-18,0.033200845,0.060605522,0.09980464,0.059402227,0.09206273400000001,0.04929658,0.057840046,0.09426088,0.052308798,0.06440845,0.062188424000000006,0.04739286400000001,0.047139402000000004,0.06869932,0.06917832,0.03545705,0.037605322999999996
2009-12-25,0.031661954,0.040264655,0.09227875,0.053998653,0.07673022,0.050679505,0.051809464000000006,0.04035082,0.05037815,0.06604846,0.06222196,0.04282763,0.04730508,0.094668545,0.06919762,0.035003066,0.03528001
2010-01-01,0.031673715,0.037287463,0.09411772,0.055483307999999995,0.09027447599999999,0.06274982,0.07758895,0.045998275,0.03992499,0.05700873,0.06670699,0.05165146,0.04361385,0.056081824,0.07031553,0.046856176,0.040312693
2010-01-08,0.039464433,0.046548158,0.13127606,0.056243735999999996,0.0688854,0.048285507000000005,0.05289564,0.04004653,0.046592012,0.06536917,0.06584297,0.049413353,0.04347129,0.06267336,0.0683784,0.044735696,0.03631212
2010-01-15,0.05490403,0.04353319,0.07917756,0.075466126,0.07775095,0.07266413,0.101769544,0.039237093,0.049989108,0.06290035,0.06340044,0.05028705,0.0668551,0.052421506,0.06841903,0.035244886,0.024078947000000003
2010-01-22,0.026165409,0.0818049,0.09064921,0.055973824000000005,0.092658505,0.10288254,0.055229537,0.039411217000000005,0.052831265999999995,0.068289645,0.067179084,0.05082798,0.044855908,0.08537029,0.10459025,0.0322306,0.040334616000000004
2010-01-29,0.04065704,0.04496138,0.08883769,0.0505591,0.09228921,0.075173855,0.05204112,0.03145676,0.048784263,0.06485639,0.048777025,0.048887413,0.037799574,0.060154065,0.09838973,0.039169356,0.05614766
2010-02-05,0.025602998,0.061422553,0.05344611,0.05523677,0.075433314,0.07163531,0.05032641400000001,0.046376705,0.049818743,0.06359775,0.061797645,0.045697752,0.044794417999999996,0.05860152,0.06516526,0.033445157,0.038434654
2010-02-12,0.03631326,0.071931385,0.108233124,0.049897484000000006,0.057984192000000004,0.07450445,0.059182633,0.047919944000000006,0.02869631,0.052836422,0.06377718,0.0516197,0.043787993,0.057719633,0.07074689999999999,0.034571335,0.034558706
2010-02-19,0.028604794,0.08684909,0.05317932400000001,0.07769903,0.071768634,0.08102281,0.05816809,0.04656248,0.053716097000000004,0.064836435,0.062177765999999995,0.023055238999999998,0.04413191599999999,0.10093873,0.06909255,0.033861432000000004,0.057584904000000006
2010-02-26,0.030188992999999997,0.043626785,0.102477945,0.03589713,0.07178735,0.069644205,0.052523195999999994,0.041294713,0.052768577000000004,0.054203167999999996,0.04928033,0.045564372,0.04879531,0.078763224,0.07173767,0.03301689,0.03647748
2010-03-05,0.026699029,0.04689115,0.10244894,0.039338972,0.08224907,0.07885783,0.048855983,0.030090602,0.030779677000000002,0.052746877000000005,0.053565352999999996,0.05340868,0.037482575,0.08875236,0.06683945,0.029921982000000003,0.035548892
2010-03-12,0.06991339,0.06314658,0.07034823,0.08394563,0.06828623,0.07177196400000001,0.048862132999999995,0.04117538,0.03734176,0.07196963599999999,0.048737142000000004,0.04468330400000001,0.03608652,0.06304225,0.06655615599999999,0.030464252,0.039039064
2010-03-19,0.02415011,0.039317793999999996,0.102863304,0.073499806,0.19799739,0.059888699999999996,0.08096502,0.03982432,0.050665475,0.060498565,0.04731106,0.02108345,0.04654667,0.08403318,0.05174189,0.045276802000000005,0.04827127
2010-03-26,0.040787265,0.03692673,0.10246488,0.049451746,0.07022865,0.052008662000000004,0.046340756,0.025455032000000002,0.050779093,0.060756337,0.041297533,0.04728088,0.03967268,0.06290711,0.060738888,0.028477324,0.030080575
2010-04-02,0.036540598,0.03443155,0.07471155,0.05121971,0.04406506599999999,0.060953792,0.043295845,0.049407694,0.04177925,0.05517456,0.07580877,0.037856013,0.035886783,0.08475967,0.07954141,0.03923856,0.04226941
2010-04-09,0.025583562,0.037556152999999995,0.05653094,0.036037117,0.045301624000000006,0.04855982,0.043046698,0.040758107,0.040273268,0.05813901,0.056188773,0.041895144,0.03629751,0.038013216,0.04091264,0.029055032999999997,0.04026635
2010-04-16,0.0191487,0.05333215400000001,0.09071752400000001,0.04368868,0.04043924,0.06612909,0.039232787000000005,0.017357778,0.042136863,0.056697868,0.036628474,0.02389051,0.051253855,0.04601756,0.08365030000000001,0.022005666,0.048642784
2010-04-23,0.019580362,0.037493285,0.11983591,0.034776512999999995,0.048290312,0.0646215,0.03838311,0.045106314,0.04649037,0.05056023,0.05785916,0.052296296,0.036788944,0.05251317,0.0685565,0.03349561,0.020197634
2010-04-30,0.05670299400000001,0.046105099999999996,0.09859085,0.036055677,0.033320222000000004,0.052597955,0.041293982,0.02496465,0.045741413,0.064259626,0.053675532000000005,0.0366214,0.040589567,0.04765803,0.059658962999999995,0.064107105,0.04870838
2010-05-07,0.020891989,0.037859622,0.07034515,0.03874061,0.036695912000000004,0.059992276,0.039154265,0.032364577,0.052760900000000006,0.064055674,0.056137255999999996,0.025409188,0.043397095,0.065499805,0.06413157,0.03417963,0.036649104
2010-05-14,0.031553935,0.036915082,0.056220282,0.044483855,0.034225464,0.04879439,0.058875747,0.03486011,0.043053142999999995,0.054197814000000004,0.04673849,0.030193832,0.04748461,0.043004714000000006,0.06434517,0.052913855999999995,0.030055335
2010-05-21,0.04487515,0.06871551,0.058716968,0.04546592,0.0353026,0.055042874000000006,0.039136574,0.061212185999999995,0.058994643,0.05337194,0.056391116,0.03969132,0.04989241,0.047492652999999996,0.06002135,0.021631049,0.042775046
2010-05-28,0.030424972999999998,0.06584873,0.08893963,0.043483495999999996,0.05513783,0.049599856,0.05462909,0.03360177,0.035325956,0.051944967,0.04279817,0.03945063,0.057086118,0.04827812,0.05865392,0.030487647000000003,0.025768477
2010-06-04,0.023747995,0.04348763,0.060571425,0.061495155,0.049033812999999996,0.044731133,0.05669809,0.030335287000000002,0.054982413,0.052922316,0.05685368,0.046467699999999994,0.04682704,0.051392152999999996,0.07108129,0.02828144,0.056906316
2010-06-11,0.058582384,0.037179742,0.05799919,0.048725747,0.038945567,0.054720722,0.04112473,0.037945945,0.051680185,0.04545431,0.057471875,0.028443292000000002,0.031775374,0.064821325,0.057610232000000004,0.04874223,0.03095885
2010-06-18,0.029035587,0.04761631,0.07868626,0.04768467,0.04454688,0.05511452,0.045609735,0.037031453,0.03497673,0.04885492,0.050035045,0.0454476,0.034076773,0.055456217,0.056662403,0.036544487,0.032056447
2010-06-25,0.029616134,0.057027113,0.0775441,0.058070637,0.03542037,0.04915729,0.03979384,0.031880423,0.033866886,0.049029734000000005,0.04712021,0.040202416,0.035113145,0.06323174,0.043363887999999996,0.030448135,0.03973155
2010-07-02,0.021007916,0.050938733,0.07922899,0.039286718,0.04840365,0.08181235,0.048887927000000005,0.030485319,0.038042575,0.041190065,0.053300745999999996,0.04947016,0.037709873,0.047492817,0.05911074,0.021974882,0.03156816
2010-07-09,0.02055817,0.039319415,0.07456131,0.042627003,0.040360454,0.0609461,0.04089297,0.029272147000000002,0.059816334000000006,0.060437217,0.054306727,0.056974024000000005,0.035723448,0.05160861,0.06251571,0.03311915,0.025699012
2010-07-16,0.032362122,0.059615657,0.060811777000000004,0.043946408,0.048319314,0.053662084000000006,0.045449678,0.047131695,0.03384158,0.05180776,0.055281135999999995,0.041986678,0.10199632,0.056793403,0.056570668,0.028779782,0.03489015
2010-07-23,0.03138457,0.04867092,0.07417905,0.043109637,0.03692792,0.053666572999999995,0.039580114,0.044221547,0.03753385,0.050617173,0.05497557,0.036427967,0.043181963,0.05224044,0.05648108,0.030635662,0.02631569
2010-07-30,0.0223125,0.038758148,0.06874045,0.043189038,0.065468214,0.058294665,0.043439623,0.036067552999999995,0.042008977,0.049506713,0.059406022999999995,0.034128305,0.02947727,0.0553471,0.04891622,0.04304732,0.025932167000000002
2010-08-06,0.04072473,0.060786847000000005,0.07355831,0.045518607,0.036937974,0.052307893,0.039687753,0.033524875,0.033146057,0.050593466,0.051262233,0.033019084,0.034189567000000004,0.051330794000000006,0.057058264000000004,0.05315964,0.030840682
2010-08-13,0.020783454,0.056807004,0.061076099999999994,0.029381206,0.043774907,0.06115768,0.072484076,0.058739386,0.026930383999999998,0.051744964000000004,0.046834122,0.047045477,0.049029116,0.06848966,0.04555344,0.042790774000000004,0.040851038
2010-08-20,0.0206842,0.07183754,0.06524300599999999,0.06587805,0.05733773,0.050653107,0.040088385,0.033701703,0.033001800000000005,0.049871757999999995,0.05987479,0.03220248,0.043740597,0.053350395999999994,0.055800422999999995,0.036022495,0.05089131400000001
2010-08-27,0.06803059,0.03676399,0.05921762,0.04102609,0.070752345,0.049708582,0.046364464,0.028341636,0.032398604,0.04970223,0.05816041,0.021172075,0.025159521,0.06141002,0.03740393,0.020688869,0.038553584
2010-09-03,0.029610459,0.043254822000000005,0.06912279,0.05081795,0.04315083,0.07995551,0.04051121,0.032497466,0.03639713,0.06661291,0.04978479,0.031442676,0.033893887000000004,0.051683057000000004,0.054271728,0.04644742,0.022683007999999998
2010-09-10,0.024413099999999997,0.03835645,0.07529497,0.058050286,0.057715262999999996,0.050523672,0.045548886,0.03420256,0.03400361,0.051286094000000004,0.05301578,0.045454238,0.07485589,0.04900215,0.053759713,0.024389675,0.020240067
2010-09-17,0.033385877,0.036004636,0.06356572,0.06959535,0.059685286,0.049177445,0.05766094,0.041618537000000004,0.036874592000000005,0.049846884,0.027937962,0.04772317,0.038311485,0.05097526,0.054556365999999995,0.040816396,0.026189806
2010-09-24,0.019038713,0.037716333,0.06983632,0.040172353,0.03748626,0.051508803,0.042954814,0.03143075,0.070082024,0.055433486,0.050650515,0.046541147000000005,0.03535108,0.060639698,0.05286651,0.02231512,0.057808245999999994
2010-10-01,0.06974915400000001,0.036858495,0.06877723,0.04250918,0.042211022,0.048924733,0.03858049,0.0315791,0.028128982,0.059606224000000006,0.06814174,0.044360537,0.032277137000000004,0.057127338,0.053151973,0.028437667000000003,0.061379287000000005
2010-10-08,0.035440612999999996,0.036434967,0.058691035999999995,0.06355712,0.054094832,0.062053967,0.038456045,0.034601793,0.039629545,0.07245584,0.041495412999999995,0.035812172999999996,0.037425295,0.07474108,0.0532243,0.05620373,0.03391142
2010-10-15,0.026578473,0.035384186,0.051112656,0.040550523,0.040641297,0.04816875,0.05788847,0.025748357000000003,0.03521982,0.051386102999999995,0.050878506,0.037623473,0.031719986,0.057100892,0.06846921,0.029390963,0.030402707
2010-10-22,0.021461823999999997,0.056921594000000006,0.07150446,0.04532192,0.039170273,0.059391145,0.037939966,0.034409788,0.032087117000000005,0.050737035,0.040737968,0.02963364,0.036267400000000005,0.04886245400000001,0.043619282999999995,0.050900966,0.036036275
2010-10-29,0.025696201000000002,0.052395664,0.05704464,0.040609885,0.034843042000000005,0.047403022999999996,0.051919855,0.033623163,0.028678706,0.049567927000000005,0.04487594599999999,0.05823856,0.053364775999999996,0.059544444,0.05048631,0.031398192000000005,0.02273184
2010-11-05,0.01972011,0.035780900000000004,0.055697735,0.043539595,0.057972357,0.06589969999999999,0.03459746,0.03245336,0.028387700000000002,0.04735944,0.054382495999999995,0.035553277,0.033213217,0.048893335999999996,0.050828415999999994,0.02313524,0.032215755
2010-11-12,0.016928611,0.036122557,0.08196362,0.03517601,0.040198423,0.048907492000000004,0.039311294,0.04582891,0.032381445,0.04664263,0.0546382,0.048177055999999996,0.030164355,0.05463714,0.06286106,0.021797515,0.029045553999999998
2010-11-19,0.025421192999999998,0.04246639,0.054933507,0.046165247,0.047421686,0.05864314,0.044775355999999995,0.03430602,0.04314104,0.04675727,0.04599292,0.044000905,0.106450915,0.029928776,0.050448686,0.025516507999999997,0.023027633999999998
2010-11-26,0.030873777,0.042364184000000006,0.079439715,0.038925394,0.05519802,0.045950807999999996,0.038009673,0.030368365,0.034280755,0.055577999999999995,0.04519735,0.032218832999999995,0.026744708,0.052346677,0.066636436,0.08409318,0.028449744
2010-12-03,0.032084756,0.0515029,0.061614398,0.03315898,0.055172324,0.03790519,0.033962563,0.041172653,0.036579203,0.046672013,0.045029655,0.028898219,0.029979272,0.04772814400000001,0.04990954,0.0267186,0.025616477999999998
2010-12-10,0.04488638,0.047449745,0.062603615,0.038661312,0.040470444,0.04815209,0.048453167000000005,0.02639773,0.028846623,0.047102302,0.04623672400000001,0.028551599,0.040168066,0.04329328599999999,0.04313307,0.021988297,0.041227568
2010-12-17,0.04498414,0.04200469,0.04871439,0.03853639,0.060151313,0.0461895,0.042204313,0.02642864,0.028008696,0.047520228,0.061741523,0.025570255,0.037755653,0.047615748,0.05191371,0.035590466,0.0324074
2010-12-24,0.03389667,0.035972502,0.06531378,0.03710494,0.042205106,0.045860775,0.05039598,0.023756975,0.03222486,0.05052134,0.037697203,0.03280844,0.04311248,0.05512914,0.050066054000000006,0.033901576,0.020536133999999998
2010-12-31,0.026161812000000003,0.026621135,0.05484371,0.040551748,0.058378488,0.045629468,0.03331591,0.062979996,0.041400734,0.047413565,0.05493905,0.062769815,0.052551687,0.074365765,0.04899987,0.036996283,0.052757397000000004
2011-01-07,0.021919755,0.040995482,0.054991458,0.047142114000000006,0.03938801,0.046638038,0.035138622,0.037421267,0.036641777,0.05151548,0.04261895,0.028308438,0.061342604,0.05563689,0.049135822999999995,0.034758582999999996,0.030388746
2011-01-14,0.021086859,0.051895514000000004,0.11381042,0.043013855999999996,0.04491289,0.04500781,0.035492595,0.026240675,0.031042885,0.054702844,0.041265562,0.031368475,0.028143888,0.055736095,0.05648372,0.044778335999999995,0.029507846
2011-01-21,0.03483207,0.03495587,0.05503893,0.04127056,0.03709229,0.050125584,0.087829344,0.02660201,0.03365418,0.037296052999999996,0.04760347,0.031421885,0.027579054,0.07672262,0.04488111,0.04441982,0.03663435
2011-01-28,0.026217657999999998,0.04311364,0.05075038,0.038472675,0.03585,0.056647405,0.07006586,0.034221616,0.03390342,0.0467487,0.041563943,0.042584672999999997,0.046601965999999995,0.05980884,0.049063947000000004,0.02612752,0.016161576
2011-02-04,0.03609193,0.03541964,0.062308833,0.07398677599999999,0.20018512,0.04708023,0.039099199999999994,0.042146653,0.02607841,0.04531369,0.04500281,0.059324574000000005,0.025918322,0.049971882,0.04134834,0.049204335,0.04597732400000001
2011-02-11,0.031582884,0.039286245,0.05476761,0.05296168,0.036588683999999996,0.06751186,0.031105637999999998,0.047981787000000005,0.049083028,0.046335,0.04084531,0.040986728,0.037088655,0.059249625,0.041176542999999996,0.027445462,0.04311501
2011-02-18,0.035728887,0.034595843,0.055944003,0.03647892,0.03688096,0.046779756,0.032905973,0.030742085,0.060701363,0.046809922999999996,0.04959819,0.032639813,0.023470812999999997,0.05921058,0.039317793999999996,0.03098311,0.03846039
2011-02-25,0.01707644,0.039085686,0.057443157,0.20022397,0.035884827,0.046027828,0.040596094,0.032794446,0.039311077,0.040361695,0.04278819999999999,0.027596053,0.025371794,0.07509152599999999,0.1141748,0.018789599,0.040309273
2011-03-04,0.02921127,0.034237977,0.055453166,0.042020045,0.031034488,0.04571486599999999,0.030067577999999998,0.043099813,0.03982426,0.049308925999999996,0.055649575,0.03256699,0.03548526,0.060396615,0.031258456000000004,0.026715541000000002,0.024073083
2011-03-11,0.018564492,0.04194631,0.05664930000000001,0.039608918,0.035987284,0.05813449,0.03186536,0.02551919,0.05709432,0.041616578,0.028956914,0.036088992,0.026518612999999996,0.07780812,0.03990234,0.02241369,0.03623952
2011-03-18,0.024359336000000002,0.037810627,0.058319494000000006,0.043273747,0.035641827,0.053340837,0.032758124,0.050280027000000005,0.07160707599999999,0.045426317,0.056592207,0.028486677999999998,0.029616488,0.09133111,0.040090207,0.032521102999999996,0.035797026
2011-03-25,0.025034167000000003,0.033561625,0.055046372,0.03937244,0.035598006,0.045772452000000005,0.09826604,0.02625376,0.024160571000000002,0.04419718,0.047008965,0.03673298,0.038959697,0.062095265999999996,0.039429814,0.021561393999999998,0.06778462
2011-04-01,0.026816696,0.045601512999999996,0.036639865,0.045005592999999997,0.04668109,0.057425182000000005,0.03162609,0.0382774,0.029199926,0.06458658,0.03946765,0.032149564,0.01863829,0.05936111,0.049552057000000004,0.037511494,0.038302332
2011-04-08,0.021354057000000003,0.034229096,0.050642032000000003,0.04015440000000001,0.028128643999999998,0.03858614,0.030441526,0.02938321,0.0349173,0.04415733,0.038999833,0.026256099999999997,0.034242906000000004,0.06697393,0.03783674,0.040579356000000004,0.03538511
2011-04-15,0.018440903999999998,0.036088042,0.057478324000000004,0.041801654,0.04251864,0.04916019,0.07297922,0.022591333999999998,0.047430135,0.039828672999999995,0.05843308,0.029662583,0.025394,0.058539618,0.039247405,0.022610776000000003,0.057789683
2011-04-22,0.01769041,0.043943513,0.052139007,0.05522068,0.032855235,0.04332299,0.030207867000000003,0.022651032,0.025525682,0.04137341,0.068909444,0.07235636599999999,0.02770339,0.060408417,0.04136751,0.02204727,0.023901064
2011-04-29,0.018925445,0.03361211,0.050977573,0.038727112,0.094225995,0.04378759,0.030159237000000002,0.025038466000000002,0.03892723,0.08036861,0.039708145,0.039949566,0.03918334,0.052443165,0.039078213,0.046528485,0.05486607
2011-05-06,0.029944446,0.03909117,0.079903245,0.03809188,0.03115499,0.10599582,0.04896355,0.027164152,0.035960082000000004,0.04135709,0.05126351,0.025855815,0.023932497999999996,0.057726074,0.043032873,0.022288399,0.020078538
2011-05-13,0.033815045,0.03238188,0.05499845,0.038144916,0.03469928,0.037445492999999996,0.029022606,0.044649437,0.037405482999999996,0.07290563,0.03964492,0.06800948,0.016758196,0.057393644,0.039317253999999996,0.025499074,0.029054087000000003
2011-05-20,0.026159706,0.03247718,0.040926963,0.049310938,0.04962009,0.050040975,0.027665151000000002,0.05104073,0.037586867999999996,0.041959748,0.03963424,0.052696895,0.034809638,0.05170945,0.03939661,0.06734491,0.03967815
2011-05-27,0.03245911,0.03497136,0.04157253,0.040363036,0.089642234,0.038196366,0.030436797,0.03920072,0.026885567000000003,0.07273126,0.039893687000000004,0.042860597,0.022548089,0.05938618,0.059671793,0.026623107000000003,0.021579737
2011-06-03,0.02382578,0.04023938,0.05112548,0.039922096000000004,0.042280003,0.060363267000000005,0.075757094,0.050925087,0.035918314,0.0405564,0.0424017,0.035177436,0.031458057000000005,0.059395462,0.046893835,0.019509204,0.028758462999999998
2011-06-10,0.040522244,0.033054177000000004,0.07324291,0.04847252,0.047369699999999994,0.05671646,0.02836909,0.043653283,0.031371437,0.061709772999999996,0.04890425,0.03390779,0.039214,0.05894064,0.07904438,0.031426992,0.021479197000000002
2011-06-17,0.01979612,0.044868477000000004,0.041336764,0.03782046,0.032286856,0.04138787,0.03771854,0.03445975,0.027563464,0.039258383,0.030691389,0.037739154,0.026693216000000002,0.062758364,0.04282543,0.017742865,0.02942638
2011-06-24,0.031420477,0.05593083,0.040541593,0.05105969,0.031743932999999995,0.05325834,0.029102746000000002,0.031961005,0.04582516,0.044562865,0.035921402000000005,0.03850865,0.03708531,0.061724633,0.051090352,0.029015914,0.034004673
2011-07-01,0.03927048,0.03579428,0.059719667000000004,0.061232400000000006,0.036417447,0.047369227,0.031052481,0.052909455999999994,0.031577032000000005,0.046300173,0.039442882,0.026304657000000002,0.030379323,0.059537127999999995,0.05061762400000001,0.023107184,0.037787084
2011-07-08,0.022276696000000002,0.034315825,0.05406476599999999,0.060040395999999996,0.031542197,0.044588108,0.037871692,0.04248865,0.045506004,0.03937042,0.029472506000000002,0.036449876,0.040811457,0.07539726,0.042490505,0.02889567,0.034915112000000005
2011-07-15,0.035915125,0.05060131,0.056448393,0.04731613,0.03249354,0.04833685,0.029620742000000002,0.02420384,0.09121227,0.04028928,0.038983468,0.038261812,0.032336418,0.050437782,0.039342117,0.03353316,0.029708354
2011-07-22,0.030259583,0.03664761,0.053380065,0.04065618,0.052745614,0.043414213,0.030408312000000003,0.028227802000000003,0.026412163,0.052883322999999996,0.047154315,0.06741251,0.039618794,0.058275825999999996,0.053850934,0.038919527,0.024920398
2011-07-29,0.02818494,0.033542402,0.041565537,0.039713286,0.050786300000000006,0.042665787000000004,0.063165046,0.031424783,0.02705585,0.04053689,0.049539625999999996,0.03777654,0.024406679,0.06070073,0.038200077,0.037939895,0.022561348999999998
2011-08-05,0.02874987,0.032861367,0.0560284,0.05048758,0.03216172,0.050504256,0.030673157000000003,0.026628977,0.038371313,0.043843365999999995,0.039930046000000004,0.055919982,0.04128649,0.06476984,0.044563535999999994,0.024475161000000002,0.031645313
2011-08-12,0.04058696,0.037220813,0.051190417,0.045115918,0.04343773,0.051143687,0.034594823,0.03809029,0.04271678,0.046220783,0.039106503,0.028081771000000002,0.03317468,0.06290257,0.03909318,0.029026011,0.044833273
2011-08-19,0.03740933,0.034937195,0.05325077,0.050489407,0.038662758,0.049757395,0.03489089,0.04960092,0.030754208999999998,0.042695372999999995,0.04129173,0.03123096,0.026417912999999998,0.07665303,0.04422606,0.034186142999999995,0.030380322
2011-08-26,0.02366872,0.04031608,0.052481186,0.039384443,0.041359235,0.04582558,0.048342377,0.028690802,0.029579072999999997,0.043225295999999996,0.06831580400000001,0.031776267999999996,0.041025057000000004,0.05988377,0.056206297,0.019325383,0.045031699999999994
2011-09-02,0.034042962,0.03710511,0.050042647999999995,0.040603957999999996,0.057403337,0.04637355,0.035292074,0.044655072999999997,0.027154766,0.04815777,0.043877132,0.029692668,0.052615805999999994,0.06280006,0.043125045,0.030399045,0.039406784
2011-09-09,0.026242252,0.04630762,0.062131472,0.040397867999999997,0.037140682,0.06935664,0.037247226,0.028659811,0.044865943,0.04514031,0.040590104,0.045710232,0.028741302000000003,0.0631374,0.06867139,0.023255395,0.04279577
2011-09-16,0.03375666,0.0340919,0.05487417,0.059616465,0.04854092,0.0701831,0.035321232,0.0468415,0.06941897,0.05139198,0.056900202999999996,0.029373932999999998,0.027829435,0.062427475999999996,0.054882217000000004,0.03481357,0.032809284
2011-09-23,0.04588442,0.055393557999999996,0.054394975,0.058505397,0.037649583,0.0632534,0.042001825,0.04157486,0.044144724,0.047636047,0.04157926,0.032629885,0.029367791,0.07560306,0.06016199,0.029349335,0.027274175
2011-09-30,0.05378222,0.040217444,0.057357714000000004,0.05074849,0.039343632999999996,0.08922698,0.043572165,0.028882357999999997,0.0290916,0.046364162,0.057201392999999996,0.06276177,0.05637268,0.06577713,0.044339832,0.02783859,0.03979944
2011-10-07,0.03997177,0.041548017,0.057734028,0.047627285,0.037818216,0.049862265999999995,0.03437054,0.031723797000000005,0.029433992000000003,0.055476326,0.07478664,0.037779097000000005,0.030758685,0.08879159,0.049049199999999994,0.024345122,0.024284557000000002
2011-10-14,0.021237232,0.063107766,0.05643208,0.050633024000000006,0.059216145,0.053782772,0.035173672999999996,0.034562234,0.032487154,0.06480079,0.057801314000000006,0.030027421000000002,0.03852168,0.0750387,0.044716287,0.029941281,0.03538754
2011-10-21,0.061823443,0.0347323,0.070733584,0.0405698,0.04009288,0.053252,0.034373768,0.034678562999999996,0.060788047000000005,0.04593412,0.04264867,0.030770093,0.034849912000000004,0.0723386,0.045662496,0.024725318,0.02435958
2011-10-28,0.048988927,0.05616594,0.072108455,0.042042352000000005,0.039147593,0.049574665999999996,0.034534946000000004,0.038957972,0.030899761,0.05125898,0.05023152400000001,0.03219341,0.022085722999999998,0.083705686,0.20179413,0.036938723,0.03507677
2011-11-04,0.032061543,0.03857178,0.07567878,0.041523974,0.07699044,0.0503532,0.036409657000000005,0.035282645,0.035454664,0.04742973,0.03913066,0.030421654,0.04196714,0.061116505,0.05565354,0.02109594,0.024108984
2011-11-11,0.027426157000000003,0.03837156,0.057128288,0.04399624,0.042068182999999995,0.055603623,0.03689165,0.030350111000000003,0.0433059,0.05530646400000001,0.05507185,0.043485437,0.024926284,0.07027758,0.08453618,0.026333067999999998,0.025928319
2011-11-18,0.05242614,0.069925554,0.057588957,0.040933244,0.03968465,0.04976833,0.048381794000000006,0.033397168,0.03200499,0.066285245,0.043579012,0.039010048,0.03026227,0.065247215,0.04684176,0.046468012,0.028949287
2011-11-25,0.02329674,0.04770624,0.056443863,0.04046201,0.042031515,0.06002426,0.040261503,0.032752197000000004,0.08138372,0.06905906,0.039773967,0.038821876,0.05178189,0.07181912,0.06335324,0.034242984,0.032620944
2011-12-02,0.047401052,0.09122419,0.071060024,0.046498865,0.056115523,0.06700002,0.059425753,0.049691893,0.030783223,0.05071067,0.04970526,0.0405842,0.021491019,0.069721825,0.05561967599999999,0.028689625,0.024062006
2011-12-09,0.043514237000000004,0.049140878,0.077429935,0.04015186,0.054606363,0.044324197,0.10751672,0.04869432,0.04790699,0.04921287,0.05926023,0.028646902999999998,0.024467407000000004,0.081382975,0.05857208,0.02618176,0.026924412999999998
2011-12-16,0.023446013999999998,0.04418513599999999,0.06072989,0.04953314,0.041935235,0.056862958,0.035240956000000004,0.035313632000000005,0.04984397,0.050694156,0.040696714,0.07372153599999999,0.06310546,0.06642621,0.04410667,0.03673362,0.035341199999999996
2011-12-23,0.021458342999999998,0.044173385999999995,0.06817638,0.040272336,0.044641495,0.047497023,0.04072173,0.028806204,0.03442591,0.049061455,0.037862793,0.034014516,0.034647886,0.07893162,0.051823935999999994,0.037545804,0.043240499999999994
2011-12-30,0.03899292,0.056701068,0.064577244,0.03996161,0.052125655,0.04905973,0.043708738,0.039184357999999996,0.039654315,0.05048129,0.03781549,0.032271575,0.05716937,0.064950235,0.072524264,0.02158357,0.030820161000000002
2012-01-06,0.02098257,0.046176277,0.057203308,0.07293125,0.047736945999999995,0.035150602,0.03667522,0.042884655,0.054458097000000004,0.054262467,0.041227147,0.031067637999999998,0.041098863,0.056579433,0.06667331,0.028017096000000002,0.028982406000000002
2012-01-13,0.042105425,0.07607708,0.0776969,0.08795037,0.055316668,0.04846659,0.044655517,0.0380195,0.03861176,0.048767857000000005,0.038931508,0.028877614,0.04516512,0.07296004,0.04623586,0.027874105,0.038686838
2012-01-20,0.03548989,0.065241344,0.03905733,0.09714109,0.04061023,0.031059956,0.04768313,0.046908233,0.031964984,0.048417367,0.042258475,0.049967545999999995,0.029218538,0.06728101,0.044083807999999995,0.041161995,0.027932237999999998
2012-01-27,0.020818315,0.04158811,0.062244367,0.0454469,0.043921552999999995,0.054473452,0.035776302,0.030391627999999997,0.03339317,0.05403016,0.047216087999999996,0.0327388,0.021016989,0.07020635,0.057432500000000004,0.027317839,0.033902735
2012-02-03,0.042515974000000005,0.045885435999999995,0.05397669,0.057086688,0.06827165,0.05735236,0.0352555,0.027642233,0.042556635999999995,0.04688155,0.06656458,0.03705828,0.04009902,0.0693717,0.04317251,0.06188318,0.034106173
2012-02-10,0.024182262000000003,0.051383615,0.053984042,0.050005224,0.040753465,0.053389937,0.034356136,0.038515497,0.06916586,0.046096637999999995,0.039085902,0.028899847000000003,0.04496028,0.06988751,0.042188882999999996,0.019196346,0.025201265
2012-02-17,0.021991095,0.056719054000000005,0.055509362,0.034771718,0.0438099,0.05170135,0.035593066,0.034908507000000005,0.034647487000000005,0.056797132,0.049035188,0.030286048,0.03442531,0.07399521,0.032597724,0.023457922000000003,0.023710255
2012-02-24,0.034018356,0.041747242000000004,0.05218217,0.051126428,0.041289747,0.07439088,0.041226808,0.037704445,0.09736725,0.04648157,0.041362338,0.05959246,0.02873046,0.034504246,0.05507834,0.028177177999999997,0.027468659
2012-03-02,0.040014666000000004,0.042115927000000004,0.042387422,0.037976455,0.04153729,0.03688203,0.045415964,0.032399252,0.034621432,0.05300975,0.04505188,0.038553584,0.018937439,0.067031555,0.04191298,0.034823664,0.028256426
2012-03-09,0.05203091,0.048219446,0.053083602,0.042968599999999996,0.046871718,0.046700157,0.054681703,0.031692185,0.032321177,0.048516493,0.04018416,0.030216412999999998,0.020702029,0.06642052,0.04664763,0.021621017000000003,0.026228951
2012-03-16,0.037264295,0.054066703,0.054673888,0.037742972,0.026745845,0.049675424,0.0493943,0.03850478,0.035708997,0.04697793,0.023883654,0.027829338,0.025561037999999998,0.06553568,0.049300984000000006,0.019561244,0.04289445
2012-03-23,0.02773811,0.04678723,0.08528063400000001,0.04598508,0.043791045,0.04922263,0.03862846,0.029581008,0.042131104,0.043693524000000004,0.036365114,0.035900336,0.039190523,0.06445922,0.05042361,0.026930448,0.026116932000000002
2012-03-30,0.028447063999999998,0.04526186,0.062152833,0.038141895,0.040182404,0.048118137000000005,0.050353862,0.035172734,0.036056213,0.0470656,0.03594261,0.041359707999999995,0.020883376000000002,0.05702496,0.04300333,0.029612605,0.034663897
2012-04-06,0.019000333,0.03583953,0.054150008,0.038214248,0.04156626,0.048768423,0.03030839,0.09549595400000001,0.033525366,0.043093935,0.046489853,0.040958185,0.04295874400000001,0.066187516,0.06662063,0.020327885,0.04552444
2012-04-13,0.024558006,0.05748638,0.046351447999999996,0.040323574,0.040326767,0.08125799,0.037241247000000005,0.031870537000000004,0.039508674,0.049507555,0.021889947000000003,0.029878926,0.021896724,0.05193196,0.04949721,0.03605431,0.028382145
2012-04-20,0.033649378,0.03156851,0.05569728,0.078891195,0.037839025,0.050615367,0.03134359,0.029631123,0.03922526,0.045659605,0.044736295999999995,0.03271096,0.028066352000000003,0.06624,0.04128527,0.029941786,0.024965905
2012-04-27,0.02983069,0.04207503,0.05397497,0.03734132,0.044127904,0.04491799,0.040142313,0.028445251,0.032573886,0.04773738,0.047486074,0.027218577999999997,0.030629562000000003,0.06707024,0.047290087,0.024805116000000002,0.029454004
2012-05-04,0.02893921,0.045086756,0.053091552,0.048221778,0.0429934,0.044974774,0.038492285,0.033836216,0.029361127,0.04655847,0.05198933,0.05397687,0.030397423,0.06728146,0.044858318,0.038406026,0.036890782000000004
2012-05-11,0.01800075,0.044158783,0.053305137999999995,0.044692800000000005,0.04567413,0.04998296,0.053477827,0.04234623,0.040441967999999995,0.050594263,0.030057296,0.030449808,0.02304554,0.06730397,0.040063296,0.025958718999999998,0.02717118
2012-05-18,0.028086716,0.04188928,0.0653555,0.07310151,0.044464998,0.05743822,0.029602392,0.034718547,0.025591667999999998,0.05742353,0.036801405,0.029445423,0.032993082,0.06749494,0.040685948,0.030325616,0.029160482999999997
2012-05-25,0.035681404,0.041989725,0.071437106,0.058615915,0.042671923,0.06026211,0.044673915999999994,0.036407232000000005,0.048929087999999996,0.068369314,0.035770774,0.027988977999999998,0.026445952999999998,0.08416004,0.041698284,0.04591843,0.027248405
2012-06-01,0.024744386,0.037196126,0.055575915,0.040019795,0.041197713,0.07119433,0.030774085,0.053989243,0.055214062,0.051189538,0.04285993,0.04452594,0.02404268,0.07633587,0.046992257,0.032244463,0.023383683
2012-06-08,0.022945048,0.044455994000000006,0.06340021,0.051852114000000005,0.03969031,0.045892376,0.036374424,0.030261167999999998,0.036934365,0.039299548,0.03808592,0.037800662,0.02657315,0.06258022,0.043585617,0.02621047,0.039515715
2012-06-15,0.07216505,0.057008363,0.05579245,0.0473057,0.04190942,0.068519115,0.037221156,0.029464753,0.047759373,0.04820442,0.050980587,0.02797252,0.026231175,0.06410082,0.043788817,0.037699495,0.022874745
2012-06-22,0.026909693999999998,0.04111313,0.04117775,0.043116532,0.043595787000000004,0.045414485,0.04658211,0.035256036,0.03288941,0.04917493,0.110362396,0.030762034,0.025630571,0.06343713,0.042024583,0.032046136,0.026953303999999997
2012-06-29,0.041378833,0.038916603,0.054353774,0.062070075,0.042947806,0.047017697000000004,0.038371693,0.03149105,0.032280914,0.048037674,0.0418087,0.030824717,0.027642333999999998,0.063317135,0.044902332,0.031998955,0.025480242
2012-07-06,0.034356255,0.045548804000000005,0.058287997,0.03504676,0.051854383,0.045609715999999995,0.04956577,0.029626287999999997,0.037603423,0.030935774,0.04999466,0.04299699,0.034458513999999996,0.063811384,0.04260646,0.050469615,0.03582757
2012-07-13,0.07577331,0.06593885,0.07279678,0.042098843,0.04178035,0.045062017,0.035381798,0.037426848,0.043145098,0.04789578,0.042169873,0.04984045,0.03521281,0.04702755,0.041808747,0.027083397000000002,0.027484317999999997
2012-07-20,0.040981803,0.03984076,0.04636054,0.039842732,0.057130188,0.05155138,0.04506083599999999,0.036015622000000004,0.031767987000000004,0.049027804,0.037085194,0.033562258,0.027616017000000003,0.061709117,0.04641916,0.034782466,0.025221197
2012-07-27,0.0269916,0.04277988,0.045400336,0.046972457,0.045967568,0.048674405,0.031564135,0.028930327000000002,0.031518295,0.045795783,0.04169333,0.036033213,0.04613172,0.043798234000000005,0.03902824,0.027638197000000003,0.03920044
2012-08-03,0.04295423,0.08864877,0.056074575,0.07271705,0.04669203,0.05010416,0.025449102999999997,0.037310958,0.051724322,0.04545937,0.049637377,0.029120076,0.05696231,0.047242634000000006,0.0416478,0.021769362,0.031006087
2012-08-10,0.03533384,0.046106365,0.07858115,0.02664239,0.042269118,0.054561235,0.02790144,0.033483602,0.034373697,0.050825126,0.05108173,0.02749125,0.027095982999999997,0.05929363,0.04201529,0.056144799999999995,0.02722015
2012-08-17,0.025033700000000002,0.03667185,0.05486459,0.04154484,0.028333407,0.030317165,0.026803032,0.035515122,0.031075675,0.08615039999999999,0.050045482999999995,0.047645357,0.036387138,0.05794376,0.055672835999999996,0.029789153,0.037405033
2012-08-24,0.030229889,0.076664,0.05777214,0.042011924000000006,0.06579461,0.04537717,0.041592427,0.02811809,0.04400935,0.045424923,0.03170238,0.07025118,0.035191063,0.07834608,0.03631533,0.017121647,0.02836021
2012-08-31,0.020248447,0.042893503,0.05386611400000001,0.049658306,0.04296346,0.03366046,0.049089618,0.066913,0.069139436,0.04497023,0.040963683,0.027729942999999996,0.019057343,0.056718323,0.044606324,0.020597596,0.03796391
2012-09-07,0.029313201,0.044966567,0.057296537,0.03865955,0.076801576,0.047356706,0.03569716,0.054533495999999994,0.0412276,0.04491851,0.039897606,0.028376113999999997,0.025214557999999998,0.05909113,0.04419592,0.040828507,0.029784852999999997
2012-09-14,0.038525365,0.045168597000000005,0.048871905,0.04198058,0.05122942,0.045838255,0.03252235,0.0352361,0.03620957,0.045034476,0.034408756,0.037351422,0.021857607999999997,0.05957223,0.04181393,0.028961848,0.03134297
2012-09-21,0.05194586,0.05942478,0.07494037,0.037882604,0.043878432,0.044312432,0.03253717,0.060880042999999995,0.034615118,0.04737225,0.03650034,0.04644387,0.026926653,0.05522926,0.04378041,0.028032257999999997,0.023544673
2012-09-28,0.036505666,0.044353038,0.058419198,0.03684201,0.043177944,0.043692477,0.08642246599999999,0.070910744,0.030203578999999998,0.044707055999999995,0.03151498,0.043665577000000004,0.020564685,0.05694763,0.051356252000000005,0.029788582,0.023515046
2012-10-05,0.018544016,0.047438715,0.0362395,0.073683836,0.043854088,0.03526803,0.030927202,0.028953277000000003,0.041813917,0.11215522,0.03309077,0.028285135,0.037753972999999996,0.055604216,0.040255412000000004,0.02404235,0.023075854
2012-10-12,0.038395055,0.03515679,0.056175965999999994,0.03632384,0.050499475999999995,0.048077225999999994,0.038714785,0.028599586,0.030470813,0.031208523999999998,0.07011699,0.05083655,0.027027106000000002,0.05652813,0.05339133,0.033374377000000004,0.034634825
2012-10-19,0.030392642999999997,0.043557175,0.055347465,0.03822992,0.0427339,0.039584227,0.035548348,0.042301442,0.031647287,0.045214172000000004,0.03291045,0.045785825999999995,0.045194004,0.05365812,0.04128929,0.044842652999999996,0.028498655
2012-10-26,0.03280145,0.044374257,0.05766426,0.05394047,0.046275317999999996,0.039553005,0.03797481,0.03292651,0.11634152,0.053962763,0.054199442,0.038315535,0.032806523,0.041661553,0.04100032,0.022049654,0.02456974
2012-11-02,0.02564058,0.04583163,0.056281183,0.03653111,0.09465306,0.037407786,0.031738285,0.040341344,0.034807097,0.05760917,0.07806808,0.031565553999999996,0.037022356,0.053226545,0.047822945,0.024329534,0.03490372
2012-11-09,0.020082276,0.044267796,0.055735167,0.041925024,0.04256,0.04456195,0.05338771,0.019214163,0.036714572,0.04531833,0.030492386,0.029996252,0.024484769,0.070491254,0.034892302,0.021482412000000003,0.019931288000000002
2012-11-16,0.02947462,0.044321716,0.057633683,0.07296454,0.04372178400000001,0.04424589,0.03495442,0.03809015,0.03706899,0.047767925999999995,0.04850278400000001,0.037075683,0.023160849,0.061647143,0.04093635,0.024966508,0.04065452
2012-11-23,0.016296215,0.039066736,0.059817422,0.038077675,0.051422168,0.043563448,0.036671445,0.032555398,0.036244825,0.045176648,0.041616876000000004,0.03035966,0.026147656000000002,0.043491267,0.06632418,0.055989377,0.02722594
2012-11-30,0.024546161,0.04901695,0.05697886,0.046680335,0.044354312,0.061000675,0.03309942,0.046378225,0.03524406,0.04896410599999999,0.03394649,0.032819007000000004,0.11235957,0.047652524,0.028255178,0.04499344,0.041314773
2012-12-07,0.042890128,0.04471242,0.05236442400000001,0.04610958,0.04259542,0.044349037,0.042928234,0.05963480000000001,0.032066587,0.044965073,0.030618744,0.03960025,0.03602247,0.04603451,0.04521998,0.026825117000000002,0.028891978999999998
2012-12-14,0.017733833,0.0368159,0.06979539,0.038945995,0.04563545,0.04254258,0.03997602,0.07674463,0.035253726,0.045166653,0.05895946,0.05785596,0.024039216000000002,0.03785502,0.038648142999999996,0.05596095,0.025360247000000002
2012-12-21,0.046696115,0.045942042,0.05686649999999999,0.039224584,0.047122777000000005,0.041357424,0.03220373,0.026390212000000003,0.031733733,0.04631452,0.049482845,0.030245326,0.032015275,0.05556216,0.05600355,0.019871701999999998,0.025561217
2012-12-28,0.01787744,0.04978658,0.053906302999999996,0.051994957,0.05557581,0.0419609,0.033318605,0.043170627,0.032661285,0.04440733400000001,0.06266889,0.03243949,0.020930642,0.049053248,0.0816684,0.050416652,0.022684392
2013-01-04,0.026873822999999998,0.038535133,0.052843655999999996,0.04149688,0.047751787999999996,0.042588774,0.03664175,0.026794368,0.033427726,0.040096863999999996,0.042200487,0.041149512,0.02622567,0.041243356,0.03911334,0.03482085,0.022798881
2013-01-11,0.039263975,0.04497965,0.053842332,0.03842468,0.0476924,0.042122096,0.028962862000000002,0.026999602,0.044114124000000005,0.04736016,0.035428464,0.034771305,0.01862096,0.054853957,0.07090034,0.04335646,0.032307275
2013-01-18,0.022758171,0.04444357,0.06795182,0.039751004,0.04336918,0.056854642999999996,0.03780641,0.02654647,0.034204725,0.045208465,0.04080027,0.034034148,0.06878341,0.053773873,0.041665416000000004,0.038258083,0.029757697000000003
2013-01-25,0.020065621999999998,0.06724807,0.032236196,0.040219765,0.047216047000000004,0.029597562,0.04787978,0.026650205,0.07869199,0.030100059,0.028476281000000003,0.030874271000000002,0.028086632,0.09069957599999999,0.04094516,0.04492759,0.045511626
2013-02-01,0.042322452999999996,0.04778845599999999,0.05153607,0.04119197,0.054492625999999995,0.04013511,0.052447642999999995,0.031752244,0.04417114,0.043836944,0.04550274,0.03442354,0.018154098,0.038311668,0.040447786,0.025715522,0.025949825
2013-02-08,0.028793098,0.066008165,0.0436094,0.040644214,0.04079387,0.056635328,0.032655622999999995,0.024118971,0.03947035,0.053412974,0.03325806,0.028277576000000002,0.03281242,0.057844605,0.033846747,0.055394005,0.020654662
2013-02-15,0.029244531,0.04587538,0.040103032999999996,0.04381796,0.066178866,0.032556977,0.042739704,0.0410382,0.030637473,0.049463477,0.03265863,0.052762367000000004,0.01743264,0.04913774,0.031012993,0.01923272,0.026381899
2013-02-22,0.026670443,0.04297657,0.042443324000000004,0.03580675,0.040875345,0.0337482,0.034131665,0.06261607,0.040721294,0.040330954,0.029644717999999997,0.029663432000000003,0.033821236,0.037906203,0.038819198,0.020223731,0.018695615
2013-03-01,0.020965142,0.033884175,0.042189832999999996,0.03518746,0.03895459,0.04831458,0.03480208,0.031160927999999997,0.03032133,0.050039466,0.028371632,0.036572065,0.037629146,0.036622938,0.041478027,0.02686167,0.048106913
2013-03-08,0.03937666,0.041076846,0.04437559,0.046615995,0.041023236,0.029477177,0.033833023,0.038792602999999995,0.047095637999999995,0.040649567000000005,0.04358569,0.03641636,0.020267554,0.039197493,0.048576623,0.050281607,0.020174231
2013-03-15,0.036783993,0.045926902,0.04951103,0.045025199999999994,0.033481855,0.036112767000000004,0.049831897,0.017888956,0.035168767000000004,0.045414835,0.028951345,0.029762478999999998,0.019354377,0.0649632,0.04043759,0.027312602999999998,0.05960056
2013-03-22,0.018938715,0.056846183,0.046221795999999996,0.044635645999999994,0.037866168,0.030343307000000003,0.033934507999999995,0.03588808,0.028874764,0.042229525999999996,0.024988927,0.028327385,0.056647662,0.042296565999999994,0.04197564,0.022202677999999997,0.04357020599999999
2013-03-29,0.032427914,0.043742143,0.044743277000000005,0.028979007,0.049065795,0.024042977000000004,0.029486885,0.022789087000000003,0.037162392999999995,0.04315698,0.029118346,0.030541291,0.019257998000000002,0.05035993,0.04317332,0.029999595,0.023781154
2013-04-05,0.030141242000000002,0.03407122,0.048172735,0.043384875999999996,0.03614142,0.07406452,0.029894667000000003,0.035547454,0.040636025,0.038112268,0.02966298,0.028202293,0.028433767999999998,0.043269504,0.033319842,0.024689032000000003,0.039952747999999996
2013-04-12,0.028772832999999998,0.05858432,0.043622274,0.038025647,0.051223125,0.03801349,0.024857222999999998,0.054934826,0.03707097,0.03782074,0.037422393,0.031129322999999997,0.019667696000000002,0.04091496,0.028372552000000002,0.0406357,0.051681433
2013-04-19,0.031269565,0.04440315400000001,0.043131437,0.04160758,0.03501141,0.04772101,0.036688015,0.027971296,0.03129073,0.03838555,0.06201457,0.032562997,0.03174721,0.06155197,0.033967998,0.024561903,0.023324783999999998
2013-04-26,0.019726872,0.07327663,0.054829395999999996,0.04817512,0.030606825,0.04450519,0.028742371,0.023776863,0.038715232,0.04276144,0.025617367000000002,0.024736641,0.0471171,0.039493624,0.039308034,0.020570235,0.02987517
2013-05-03,0.021447322999999997,0.041167773,0.04724789,0.049719226,0.04493748400000001,0.036660887,0.046924938,0.027630033,0.044921942,0.040335674,0.03216504,0.041108713,0.043179687,0.038168747,0.054676477,0.036995184,0.02354669
2013-05-10,0.03409971,0.03996054,0.057574157,0.03921613,0.03568613,0.03528680000000001,0.027262641,0.04013547,0.03921032,0.056015577000000004,0.026572589,0.03554152,0.028773166,0.03992282,0.04840718,0.02160445,0.032700565
2013-05-17,0.022530634,0.042733002,0.042416744000000006,0.039138954,0.03965783,0.034256693,0.026091062999999998,0.025032131000000003,0.026765637000000002,0.064257294,0.02860525,0.024353127999999998,0.03978633,0.042220216,0.040115375,0.035703912000000004,0.02387903
2013-05-24,0.043567695,0.04029698,0.04110596,0.04575389,0.032017715,0.029085929,0.0302635,0.048706345,0.032234597999999996,0.03541624,0.029081479,0.04828078,0.03084324,0.03959535,0.045875695,0.026414119,0.019963374
2013-05-31,0.016960463999999998,0.041521657000000003,0.0469396,0.036685195,0.054861978,0.029646138,0.097702496,0.028586807000000002,0.02103954,0.047904532,0.038421586,0.11443891,0.018825981999999998,0.09123928,0.035285354,0.0236844,0.028668573
2013-06-07,0.017213857,0.039451703,0.046398762999999996,0.042166706,0.037121546,0.060069755,0.028851127,0.033321694,0.037968922,0.05067075,0.030471377,0.050444644000000004,0.031742137000000004,0.036284205,0.05197802,0.027607893999999997,0.033762988
2013-06-14,0.04147572,0.041393694,0.038474157,0.03877117,0.03134135,0.030236274,0.02825299,0.027876625,0.07007838,0.02888759,0.025115007999999998,0.025704611000000002,0.01711656,0.035572633,0.037047636,0.042829424000000005,0.040693138
2013-06-21,0.023981628999999997,0.034469217,0.048706192999999995,0.045823004,0.031226866000000002,0.028817665,0.03303794,0.07099095,0.020216262,0.05767267,0.035800014,0.041523307999999995,0.027732378,0.01937708,0.04609759,0.025924033,0.06361301
2013-06-28,0.04759695,0.063672006,0.035178382,0.050630923,0.035594188,0.037809055,0.037827056,0.024043158,0.03663171,0.028967637999999997,0.02487192,0.049502842000000005,0.021724364,0.043132406,0.025680333,0.02149882,0.024337959
2013-07-05,0.030988142000000003,0.03426329,0.04644881,0.039552666,0.04461702,0.031805906,0.028238485,0.059237856,0.028338007999999998,0.05711138599999999,0.031110948,0.03998033,0.029768213999999998,0.038954716,0.03180771,0.042901557,0.045327365
2013-07-12,0.01844134,0.03309169,0.046572063,0.04363918,0.032650467,0.029356536000000003,0.046391144,0.051439937000000005,0.031483613,0.04125642,0.037733443,0.04936665,0.029869506,0.10167402,0.02437116,0.022806047000000003,0.040070697999999995
2013-07-19,0.066097006,0.04235408,0.052154700000000005,0.055919312,0.038203858,0.0363805,0.057118423,0.02503786,0.0349332,0.038988184,0.053396087,0.10728221,0.03036531,0.03284652,0.028764572000000002,0.029007869,0.025399908
2013-07-26,0.026376848999999997,0.04651475,0.04882721,0.0444255,0.049470074,0.040330715,0.027478565,0.028532987000000003,0.07674273,0.04562302,0.026653267,0.041398954,0.02199552,0.044606425,0.030858982000000004,0.019645825,0.05217197
2013-08-02,0.055374075,0.029864477,0.043166373,0.04328926,0.024381997000000002,0.029293637999999997,0.03027122,0.018208398,0.03282931,0.030270468,0.036899358,0.040695924,0.066496424,0.046110462000000005,0.02856574,0.024782736,0.022259174
2013-08-09,0.036010887000000005,0.04348269,0.041848984,0.036759477,0.037323438,0.07259877,0.036193572,0.028510197999999997,0.03745799,0.035206415,0.02587148,0.031392504,0.039043903,0.039733484,0.03249937,0.052372977,0.058217358
2013-08-16,0.01692643,0.033068717000000004,0.053580523,0.03948565,0.042186400000000006,0.029495927,0.03853556,0.020112283999999998,0.019955208999999998,0.040890187,0.032598283,0.028798037999999998,0.026459227999999998,0.041979752,0.026217518,0.020527845,0.031703975
2013-08-23,0.016833173,0.037290867000000005,0.038938664,0.04046115,0.042261954000000004,0.033887102999999995,0.03812925,0.04164293,0.025715504,0.037679597999999995,0.04455379,0.02994236,0.02989452,0.035211883,0.02751851,0.046289187,0.017277937
2013-08-30,0.028303694,0.03147182,0.04203895,0.030021212999999998,0.026265256,0.030648718,0.049577672,0.04366949,0.026056718,0.04578323,0.042840300000000005,0.035830434,0.02288696,0.040759508,0.027929494,0.036238152999999995,0.033132505
2013-09-06,0.018782502,0.05370218,0.042199187,0.03986062,0.038593687,0.03403108,0.02579146,0.051358297000000004,0.025370298,0.04976939,0.032252587,0.039212286,0.037598833,0.03668701,0.031403772999999996,0.021366918,0.04263083
2013-09-13,0.03325782,0.071535885,0.040766902,0.040584747000000004,0.03658877,0.038537532,0.027248276000000002,0.028837002999999996,0.019185418,0.04562327,0.03141115,0.037781577999999996,0.027089147,0.039427016,0.05283187,0.03228362,0.04190734
2013-09-20,0.023346383,0.04127341,0.04690411,0.051959574,0.03967754,0.030236455,0.062386572,0.043175485,0.018500922,0.03820024,0.050546702,0.032985377999999996,0.031903796,0.053395312,0.042432937999999996,0.033243783,0.023032628
2013-09-27,0.01589567,0.035434004,0.034570057,0.061699215,0.036446333,0.029444823,0.026408706,0.040683314,0.024396837,0.034613437999999996,0.02689756,0.042909548,0.032515395,0.03674951,0.039560877,0.03065367,0.017633459
2013-10-04,0.04662683,0.035569254,0.042192392,0.052183658,0.03897458,0.04108326,0.032204593999999996,0.023502624,0.04155331,0.03120404,0.035151042,0.036537252,0.023052879,0.037943967,0.027524482000000003,0.024640727999999997,0.025805797000000002
2013-10-11,0.051709075,0.032961133999999996,0.039403845,0.038972538,0.022901015,0.029071299999999998,0.037799637999999997,0.048155934000000004,0.04668445,0.07459827,0.038274556,0.031715557000000005,0.031569573999999996,0.033889852000000005,0.03367071,0.015876751,0.036499117000000005
2013-10-18,0.029653655,0.19927937,0.04061112,0.04266124599999999,0.028511781,0.031152312,0.036593985,0.024929395,0.056539055,0.0332755,0.04102266,0.059512034000000005,0.019754624,0.04356781,0.034061268,0.018476475,0.05499966
2013-10-25,0.021451585,0.057989042000000005,0.054211844,0.038434044,0.034740865,0.03023404,0.027252045,0.01750782,0.0363295,0.041859448,0.050377245999999994,0.028788704,0.018481102,0.04304752,0.019164737,0.045205362,0.040768407
2013-11-01,0.019689009,0.032137185,0.037049412999999996,0.05119016,0.023732387999999997,0.039114226,0.024722544,0.038321577,0.024461487,0.040337104,0.041733343,0.038401008,0.033661824,0.054091927000000005,0.036931947,0.045449868,0.02465549
2013-11-08,0.02973725,0.03621835,0.036633614,0.04294474,0.041771524,0.026762735,0.032554723,0.028199272,0.028039848,0.050240055,0.05764282,0.027932923,0.03067664,0.03587859,0.041179099999999996,0.02166644,0.036339603
2013-11-15,0.026974727999999996,0.030778758,0.036192327999999996,0.04019238,0.030093327000000003,0.039564192000000005,0.02890894,0.02550635,0.028699934,0.04086496,0.034688827,0.02552834,0.030524243,0.028541045,0.030471927000000003,0.0225512,0.023194117
2013-11-22,0.029964333,0.03448334,0.054101832,0.03612357,0.027099742000000003,0.024206191000000002,0.034264367000000004,0.022212535,0.024654497999999997,0.033091266,0.041126996,0.029520396,0.020650612,0.03776087,0.042815566,0.021497892,0.041915264
2013-11-29,0.029626193999999998,0.03685088,0.04681503,0.022829846,0.025793554,0.038115945,0.026789142000000002,0.033924535,0.042517744,0.033922385,0.055260196,0.027412176,0.031036275,0.04320634,0.04983395,0.024885196000000002,0.051548257
2013-12-06,0.025539113,0.06760639,0.050700545,0.038476974,0.033994336,0.040441245,0.034250055,0.051089097,0.027848406000000003,0.03330435,0.03975002,0.030418292000000003,0.03294855,0.03388677,0.015928978,0.038471363,0.062207647000000005
2013-12-13,0.017714346000000002,0.038318712000000005,0.036956592999999996,0.0634477,0.038635373,0.03282784,0.025008956000000002,0.035611276000000004,0.029981472999999998,0.038823966,0.02509911,0.07334028,0.030036151,0.03189547,0.0731031,0.025740461,0.025796704
2013-12-20,0.030123776,0.04466689,0.038776502000000004,0.037064318,0.028322956,0.034580626,0.036362495,0.023458377000000002,0.021956066,0.03339398,0.024590839,0.024698993,0.03808476,0.039813515,0.026671631,0.032134466,0.03315503
2013-12-27,0.02534291,0.030958166000000002,0.041159306,0.054932475,0.035096842999999996,0.042588096,0.028283406,0.02570579,0.03756427,0.034298826,0.027996935,0.038821485,0.036959,0.048156175999999995,0.034563683,0.029859592999999997,0.028293427000000003
2014-01-03,0.04562838,0.04597003400000001,0.042638365,0.026807759,0.035610132,0.034321713999999996,0.037917145,0.11022670000000001,0.050785232,0.032679725,0.021930112,0.04934996,0.037099667,0.032190908,0.033580024,0.030572767999999997,0.046917695999999995
2014-01-10,0.022347277000000002,0.0536883,0.048101652,0.038651947,0.06430361400000001,0.034197852,0.033776138,0.03952592,0.022936513999999998,0.047940835,0.035598896,0.034949094,0.029839972000000003,0.031138591,0.045537382,0.04347094,0.029069398
2014-01-17,0.012800625500000001,0.04848806,0.0433805,0.042002417,0.032653637,0.035900603999999996,0.027693383,0.03943459,0.022409613999999998,0.03297331,0.030160918999999998,0.04000998,0.038416296,0.029108826,0.10131924,0.061200906,0.042635657
2014-01-24,0.030296367,0.029833072999999998,0.04768508,0.03717875,0.020113152,0.035414092,0.03126897,0.026017718,0.022294937,0.036186773,0.026067287,0.04749054,0.02407622,0.03417993,0.055974808,0.06223654,0.035027586
2014-01-31,0.018893333000000002,0.03135159999999999,0.042655744,0.040726215,0.02306974,0.03985482,0.025764635,0.058518633,0.061697975,0.036544543,0.045504842000000004,0.045186874,0.03187708,0.03185981,0.028170494,0.020266086000000003,0.021186373999999997
2014-02-07,0.029186755,0.049959585,0.07043671,0.03688636,0.027636177999999997,0.028451063,0.037494152999999995,0.040767085,0.035345152000000005,0.03354565,0.046863068,0.033495847,0.021010667,0.033793617000000005,0.033006124,0.028280059,0.024541352000000002
2014-02-14,0.04268136,0.034266315,0.03658427,0.04702313,0.03188166,0.027680594,0.044803225,0.06099282,0.026126605,0.05473424,0.037842087,0.037188195,0.034911573,0.0387334,0.026140683999999997,0.019081551999999998,0.023726815
2014-02-21,0.029236639,0.035068084,0.036310457000000004,0.038490962000000004,0.02275302,0.030275937000000003,0.037991053999999996,0.02766902,0.018274777,0.034245327,0.028554032000000003,0.030481696000000003,0.03801281,0.039456688,0.03151924,0.021840775,0.021679915
2014-02-28,0.03887313,0.029742064,0.036042206,0.050377477000000004,0.023395363,0.0325765,0.03152455,0.03479599,0.043692015,0.036098267999999996,0.027602337,0.041494124,0.04675807,0.035482485,0.04006021,0.03862044,0.024179822000000004
2014-03-07,0.01984295,0.028925791,0.04201105,0.10249571,0.024641952999999998,0.033529364,0.026033154,0.030077105,0.041311756,0.056099802000000004,0.025909387000000002,0.03761896,0.04594295,0.03246045,0.028915593,0.021691069,0.045609973
2014-03-14,0.028279606000000002,0.044437297,0.038826175,0.038758174,0.04197209,0.04953184,0.03433981,0.026490862999999996,0.03260136,0.07596016,0.06584417,0.042656448,0.031053012,0.040495586,0.0703717,0.0162398,0.020791511999999998
2014-03-21,0.04041499,0.029847502999999997,0.040160526,0.022832177999999998,0.029256873,0.043037205999999995,0.027368032999999996,0.0486793,0.027912552,0.036637223999999996,0.031319577,0.036202963,0.04769990599999999,0.047080144000000004,0.027951049,0.03271613,0.03615878
2014-03-28,0.028641975,0.04123243,0.038528055,0.04667661,0.03078172,0.032226372999999996,0.057197727000000004,0.016029539,0.03200896,0.033679467000000005,0.044730168,0.035224665,0.042061713,0.060085922,0.049773693,0.035201807,0.04701874
2014-04-04,0.021270193,0.0700696,0.038866285,0.039432522000000005,0.024135637999999997,0.027610887,0.030544681,0.020198153,0.055608295,0.036760102999999995,0.038479984,0.036722075,0.024296766,0.03293787,0.021810604,0.03627655,0.03395274
2014-04-11,0.020967726000000003,0.03763997,0.03440042,0.040404115,0.028693187999999998,0.027566063999999998,0.04854059,0.02380529,0.034195527,0.03442951,0.03264973,0.034118112,0.023068057000000003,0.053083452999999996,0.03588256,0.05245345,0.036114454
2014-04-18,0.01844525,0.042240296,0.034869372999999995,0.038504004,0.027813524,0.033493422,0.030479329,0.018804027,0.031692494,0.03571412,0.06667993,0.030306632000000003,0.027565927999999996,0.040459762999999996,0.04295497400000001,0.050198164,0.021322578
2014-04-25,0.018644964,0.03605841,0.025971841000000002,0.039096776,0.030136496000000002,0.054011248,0.029794894,0.017282303,0.022897892000000003,0.035208434,0.04174135,0.031900007,0.012971088,0.045048445,0.028633261,0.016275886,0.037493553
2014-05-02,0.055737327999999996,0.048653193,0.032599512000000004,0.059111807,0.037145525,0.03450738,0.024708338,0.0440324,0.021642765,0.03601042,0.027354378,0.03556676,0.018960537,0.051969815,0.038098477,0.019550648,0.020483853
2014-05-09,0.03920476,0.02986348,0.024878696000000002,0.041738853,0.033782303,0.026939029,0.0681784,0.056324914000000004,0.045083717,0.04091399,0.024836248,0.026331846000000003,0.027350942000000003,0.032821175,0.052986942,0.017958649,0.028124457000000002
2014-05-16,0.03087261,0.02859048,0.04745935,0.055642307,0.03723842,0.032615937000000005,0.024908137,0.040730077999999996,0.029096913999999998,0.03536163,0.03134703,0.0442844,0.024957266000000002,0.034427553,0.043804842999999996,0.048375346,0.03236496
2014-05-23,0.026603311,0.031158235,0.03893791,0.03564311,0.02900102,0.022504395,0.03335985,0.030769933,0.03133559,0.040952284,0.03592632,0.039720166,0.032987706,0.04525162,0.024599364,0.028034267999999998,0.06351440400000001
2014-05-30,0.017196627,0.036501043,0.048312746,0.04627652,0.018366912,0.028944984,0.031360692999999995,0.016463811999999998,0.026113783999999998,0.048366275,0.03809992,0.038421903,0.026704516,0.031230498,0.035965245,0.015582008999999999,0.036755838
2014-06-06,0.057381745,0.062171202,0.034857225,0.03546437,0.038422026,0.03649079,0.033515446000000004,0.022532385,0.032870505,0.04739946,0.026430916000000002,0.03529155,0.021957662000000003,0.034081616,0.024034307999999997,0.031898327000000004,0.03308665
2014-06-13,0.044026956,0.023880982999999998,0.051444206,0.047435235,0.037414405,0.040030994,0.02796329,0.026792664,0.02175083,0.03960268,0.052760307,0.08039237,0.035400886,0.030299302,0.032400455,0.024820639,0.030239565
2014-06-20,0.06256513,0.0333385,0.04098081,0.035681332999999996,0.025184544,0.041864112,0.0271519,0.048270087999999996,0.017116005,0.038026474,0.027159182,0.032265227,0.033364795,0.031017086,0.026827259,0.017981965,0.025058107000000003
2014-06-27,0.030052215,0.032861754,0.03454569,0.045455474,0.032310117,0.026779842999999998,0.025306705,0.04844761,0.03670929,0.034613524,0.04462299,0.03442602,0.025323577000000003,0.030004792000000002,0.032143418,0.024645437000000003,0.028876869
2014-07-04,0.021276312000000002,0.02385855,0.05014874,0.036371600000000004,0.028824199,0.056849338,0.027437009,0.037763685,0.0338666,0.042651456,0.031381242000000004,0.032482035,0.033251878,0.038035344,0.04344323,0.02439936,0.05460006
2014-07-11,0.038546417,0.0416357,0.05895157,0.042151,0.034996796000000004,0.05715308,0.031672813,0.029104734,0.025423605,0.033995282,0.051484928,0.026932183999999998,0.038144942,0.043764286,0.11016221,0.022656162999999997,0.041429546
2014-07-18,0.021941055,0.028020652000000004,0.03686369999999999,0.048488643,0.027046505,0.039598897,0.03549427,0.041683633,0.020223215,0.060327183,0.027242773999999997,0.045992102,0.049176835,0.029407983999999998,0.022192452,0.035343844,0.042960167
2014-07-25,0.03918295,0.03197203,0.03653574,0.035575446000000004,0.032037165,0.039639473,0.027753724,0.033169784,0.02726525,0.041584704,0.041383706,0.03972332,0.024769545,0.0367099,0.03711468,0.0327241,0.04358896599999999
2014-08-01,0.017811446,0.027110016,0.034982047999999995,0.03226197,0.028808977000000003,0.028384326,0.03230799,0.02482913,0.023084274,0.03570527,0.027656047000000003,0.038351104,0.05746113,0.049252156,0.045982335,0.026249913,0.04179157
2014-08-08,0.029069066,0.045030437,0.04392479,0.04175036,0.02663229,0.033638753,0.026216483,0.021973295,0.035229206,0.036302425,0.024710872999999998,0.044387054,0.03396233,0.036428284,0.047297467,0.04297309,0.040133126
2014-08-15,0.01947271,0.023791466,0.033503572999999995,0.02909017,0.053563543,0.025851935,0.026119594,0.02706095,0.025424258999999998,0.04491745,0.026680662999999997,0.023243917000000003,0.03346717,0.03234325,0.031113334,0.01660515,0.03352643
2014-08-22,0.029632632000000002,0.028078087,0.042750455,0.031940438,0.02489782,0.041742235,0.022763267,0.024369506000000003,0.036108576,0.03582885,0.043192900000000006,0.03328156,0.020001816000000002,0.033790965,0.025827467000000003,0.03134959,0.029469894
2014-08-29,0.021185666000000002,0.047141362,0.049245182,0.040236722999999995,0.024366071,0.030221183,0.037699897,0.0360759,0.039657295,0.037510954,0.02822393,0.034133025,0.020604527,0.07091741,0.023682239,0.03193455,0.034684557000000005
2014-09-05,0.028478972999999998,0.03627288,0.03618919,0.027074074,0.032108872999999996,0.03266512,0.03505763,0.034006678,0.031491417,0.03997174,0.05103598,0.028381807999999998,0.028971447,0.032513265,0.043427274,0.023704425,0.023991514
2014-09-12,0.025063633999999998,0.033145707,0.033840396,0.03303784,0.028946592,0.032736400000000006,0.023058877999999998,0.030698014,0.042998932000000004,0.041974198,0.0316475,0.045828424000000006,0.019964213999999997,0.04804881,0.026504317000000003,0.030503633,0.032358382000000005
2014-09-19,0.024245983,0.053659298,0.03382826,0.034057282,0.043941278,0.038928974,0.05712681,0.032806706,0.026272399999999998,0.030372338,0.04854079,0.03224327,0.03229211,0.030961836,0.033610106,0.05011983,0.02751897
2014-09-26,0.027465372999999998,0.037056923,0.035287254,0.033959895,0.06787595,0.038692337,0.022327013,0.03648278,0.022803867000000002,0.035003085,0.034309175,0.036290694,0.035475112,0.029120885,0.026446836,0.022694077000000003,0.022890255
2014-10-03,0.02214076,0.042638805,0.0417147,0.030181667000000002,0.023465486,0.034562103,0.02585952,0.02563704,0.029645426000000002,0.061794046,0.024935495,0.029075326000000002,0.035372037,0.029330444,0.037347335,0.01699759,0.053199023
2014-10-10,0.041264497000000004,0.043417726,0.032916617,0.031372633,0.023924893,0.055469602,0.026549898,0.041887645,0.021124639,0.03771196,0.036472034,0.031611223,0.03140571,0.03349377,0.023278119,0.03581859,0.027289346000000003
2014-10-17,0.040230907,0.025243652999999998,0.03313339,0.05321201,0.028027672000000003,0.030949962999999997,0.032758556,0.02486068,0.037588663,0.033926427,0.023940489,0.033233173,0.023013901,0.10214083,0.023452811,0.018235572,0.027187621000000002
2014-10-24,0.022101186000000002,0.028237712,0.03379142,0.03074092,0.032816272,0.04953763,0.045798816,0.027283252999999997,0.02145459,0.043260574,0.029979441000000003,0.032571666,0.041207056,0.0342122,0.028605146,0.023999648,0.032494806
2014-10-31,0.032296047,0.029075725,0.03688426,0.040840287,0.036531568,0.024666577999999998,0.029335177,0.027699612000000002,0.029459491,0.03871296,0.03023647,0.03384176,0.038155972999999996,0.030130692,0.037909128,0.03144369,0.044323165
2014-11-07,0.027637556,0.052354757,0.047006215999999997,0.040466167000000004,0.029833192,0.025998939,0.031074587,0.020920353,0.02134657,0.044267613,0.03327619999999999,0.19795409,0.027510637,0.044016335,0.047451515,0.021363089,0.04000932
2014-11-14,0.042886954000000005,0.026268847,0.03418837,0.043880392000000004,0.028006796,0.025523802,0.027348202000000002,0.033730786,0.026447223,0.043696232,0.07519652,0.028629353,0.022513863,0.04875995,0.02939911,0.03361734,0.029861465
2014-11-21,0.020481087,0.061347414,0.027649956,0.027247949,0.031659192999999995,0.028524993,0.023498591,0.030566022,0.041245196,0.038325003999999996,0.06327673,0.023128807999999997,0.027760549,0.03540143,0.024047,0.01362782,0.08173361
2014-11-28,0.03273517,0.023568459,0.032266933,0.03495227,0.051541977,0.027091464,0.02924323,0.037213907000000004,0.02600789,0.040408265,0.03001032,0.034397673,0.029326575,0.04388058,0.03751207,0.037662417000000004,0.020475687
2014-12-05,0.036774997000000004,0.031985037,0.035357527,0.03647561,0.028225891,0.038893014,0.03924682,0.029156863999999998,0.0389637,0.037579928,0.027143873,0.053745645999999994,0.024339883,0.032890387,0.025441772999999997,0.028374012999999997,0.019223597
2014-12-12,0.038690217,0.03322553,0.048069957999999996,0.035906535,0.031967822,0.02831757,0.043440774,0.023866127999999997,0.026415499999999998,0.038241133,0.027725482000000003,0.11064316,0.01951874,0.032514497999999996,0.029003631000000002,0.021109015,0.018512515
2014-12-19,0.026391651000000002,0.029811127000000003,0.0414752,0.058882203,0.028362805,0.03709894,0.026842599999999998,0.035585947,0.024867292000000003,0.03848895,0.02878664,0.041142978,0.024283243,0.045285676,0.066840805,0.057718646,0.042407334000000005
2014-12-26,0.033139855,0.02819889,0.0321471,0.059472385999999995,0.028853177999999997,0.04339924,0.05546416,0.053451754000000004,0.04395679,0.037440553,0.027423596,0.021218725,0.041834447999999996,0.04861769,0.048162557,0.023369271,0.022684408
2015-01-02,0.019932648,0.03715876,0.04442638,0.03270558,0.038260426,0.038177125,0.03268426,0.05636119,0.06603483,0.04403056,0.026585462,0.108520605,0.029894168,0.03176221,0.03305159,0.037115775,0.03510381
2015-01-09,0.031443566,0.048684612,0.03737162,0.027926062999999997,0.072360255,0.042897504,0.04712527,0.030543365,0.033554595,0.07836214,0.028938726,0.04407085,0.05526593,0.04006784,0.025993286,0.034002136,0.024752477000000002
2015-01-16,0.018345034,0.04311013599999999,0.03810557,0.032597855,0.09893101,0.025192537999999997,0.024978306000000002,0.030974099999999997,0.032032445,0.039984435,0.053529155,0.029887455,0.035633623999999996,0.04832767,0.051517863,0.026533328,0.042447057
2015-01-23,0.025912054,0.031845253,0.037202675,0.052906495,0.031857908,0.028018933,0.028366111,0.032561637000000004,0.027840964,0.038780853,0.025479368999999998,0.044981718,0.02673277,0.03254403,0.026325295,0.069666006,0.032581665
2015-01-30,0.04631939,0.03664101,0.032565698,0.04474262,0.034737244,0.026981598,0.02461009,0.07072374,0.039075434,0.04165152,0.029509757,0.034656465,0.040447626,0.040383857,0.07623255,0.03745327,0.03901861
2015-02-06,0.04561955,0.026759872,0.033120707,0.033783082,0.027084086,0.049279418,0.06666272,0.026213532,0.032253597,0.05951496,0.11144883,0.028876767999999997,0.051529307,0.038064618,0.051081702,0.04841914,0.025875717000000003
2015-02-13,0.033701308,0.07372569999999999,0.03302153,0.03737074,0.03052232,0.027864866000000002,0.025004297,0.026053656,0.030649898999999998,0.038600277,0.041359134,0.033169705,0.046043400000000005,0.04360627,0.03902849,0.015017583999999999,0.058360357
2015-02-20,0.040918432000000005,0.05044142,0.037547708,0.05887993,0.031048332999999997,0.043273985,0.04652839,0.024820178999999998,0.038874537,0.042426955,0.062048122000000004,0.025894059,0.036881033,0.03490992,0.035475127,0.022697968,0.023889977000000003
2015-02-27,0.017741028,0.026713857,0.04261519,0.02836165,0.036885083,0.029933637000000003,0.023500757,0.024778394,0.042610344,0.038648605,0.028494805,0.04923481,0.03030324,0.034555987,0.027190627999999998,0.027653717999999997,0.021483222000000003
2015-03-06,0.027081385,0.034807675,0.03492649,0.031736847,0.036217295,0.03398499,0.07427929,0.024547784,0.038768202,0.042918105,0.027956674,0.034419328,0.036509756000000004,0.051045425,0.0420496,0.017924998,0.03651312
2015-03-13,0.046200935,0.04066984,0.04547646599999999,0.039692085,0.035278797,0.07189101,0.030399501000000002,0.043621283,0.030228032000000002,0.038388103,0.029459171,0.041816544,0.024098111000000002,0.03924923,0.028792527000000002,0.022123003,0.019810896
2015-03-20,0.020742238,0.024177834,0.033805800000000004,0.029886637,0.031481095,0.045487627,0.022543574,0.040089745,0.034013122,0.039293703,0.025925614,0.026744995,0.026974404,0.0450951,0.02707079,0.03940866,0.062367037
2015-03-27,0.02371127,0.03907661,0.059737295,0.03520035,0.02823255,0.030313734,0.023354648,0.02393064,0.031799983,0.052151717,0.027464507000000003,0.039443623,0.02621061,0.04090411,0.047296297,0.020363325,0.023411917
2015-04-03,0.028764172999999997,0.042827412,0.044480137999999995,0.035791006,0.036250807,0.04100408,0.028595202000000004,0.023790607000000002,0.032685027,0.048208937,0.0262233,0.03396707,0.034302257,0.03725928,0.03269914,0.025289001000000002,0.04281522
2015-04-10,0.031417143,0.026483017999999997,0.062096957,0.031550907,0.02959522,0.03569174,0.03863103,0.027944503,0.02617721,0.04557499,0.03507427,0.03304244,0.022438858,0.03741275,0.026220774,0.050707497000000004,0.03488813
2015-04-17,0.025284074,0.033226307000000004,0.0428015,0.029384129,0.03919929,0.05068932,0.026582478,0.035783477,0.031085599999999998,0.04004425,0.04215545,0.03191904,0.051122785,0.036875032,0.032374367,0.028174092999999997,0.029561339
2015-04-24,0.03377296,0.026085911,0.035098355,0.035315096000000004,0.018374728,0.051026404000000004,0.03414638,0.024347708,0.026721792,0.04773239,0.03041129,0.035161864,0.02391809,0.038426563,0.02877727,0.017779432,0.033953912999999995
2015-05-01,0.02271903,0.04865389,0.03600839,0.039434846,0.031210888,0.045807972999999995,0.03253133,0.026346914,0.028008156,0.04100873,0.032613266,0.037873622,0.026086928,0.039266765,0.031863544,0.025850952000000003,0.024778137000000002
2015-05-08,0.032521345,0.030520177000000002,0.05208091,0.044124547,0.04188342,0.03749207,0.032351315,0.023098933999999998,0.039322346,0.040392015,0.058330074,0.043491866,0.049221456,0.039494555,0.034602403999999996,0.03208537,0.021782137000000003
2015-05-15,0.022940027999999998,0.043137666,0.05553303,0.05205406,0.0258603,0.044501543,0.023721000000000003,0.027692584,0.032896537000000003,0.045968867999999996,0.030568685,0.031485304,0.054869372,0.055260922999999997,0.037335463,0.019568387,0.034982152
2015-05-22,0.034720376000000004,0.02711904,0.04965597,0.03336277,0.032589585,0.038950957,0.035173833,0.046922665,0.019231332,0.04334431,0.029766358,0.03458378,0.04614795,0.040031392,0.035505425,0.035328507,0.027194476000000002
2015-05-29,0.10640653,0.027170895,0.035236508,0.027479349,0.0334096,0.037324913,0.034754902000000004,0.02266358,0.027851135,0.048993647,0.05362536,0.042472437,0.025639163,0.049859863,0.030068725,0.04037355,0.022651822999999998
2015-06-05,0.021014507999999998,0.05660941,0.033481963,0.03079471,0.032036744,0.03405727,0.038698286,0.038509965,0.033939897999999996,0.042212047,0.039231896,0.04319479,0.023296045,0.04171454,0.026423974,0.032857846,0.020995304
2015-06-12,0.023964147999999998,0.026020734,0.033201966,0.028357912000000002,0.04114493,0.036699098,0.022349993,0.036314398,0.039520953,0.052117857999999996,0.039462376,0.025181236,0.0344192,0.038595892,0.060780644,0.022650148999999998,0.021968814
2015-06-19,0.03135673,0.03060363,0.03667912,0.046411645,0.029374354,0.048687555,0.026339922,0.045810115,0.034166753,0.04556365,0.036451604,0.038719296,0.023146813999999998,0.041371383,0.03360234,0.044697095,0.05958559
2015-06-26,0.04149612,0.057807855,0.054680686,0.027265515,0.027102545,0.046022657,0.025433827000000003,0.02936008,0.06407816,0.023643015,0.033219106,0.040320918,0.022926272999999997,0.049023487000000004,0.037860017,0.020854285,0.019430302
2015-07-03,0.024695266,0.02954052,0.032080766000000004,0.027963763,0.028618342999999997,0.03810554,0.05653576,0.020964216,0.025920376000000002,0.04766725,0.034961514,0.032082926,0.03804449,0.03957898,0.02568751,0.024781452000000002,0.02269729
2015-07-10,0.02433595,0.025088785,0.039575897,0.03507872,0.025852237,0.03459103,0.023221565,0.028498807999999997,0.040298056,0.03854267,0.026017709,0.03137218,0.04481445,0.042762924,0.036060426,0.032306562999999996,0.029955175
2015-07-17,0.037539084,0.029159132,0.061389368,0.05747388,0.024944063,0.034031004,0.041333668,0.030549137,0.033168397999999995,0.04809378,0.046693005,0.047565274000000005,0.05316486,0.045017224,0.044556774,0.027285893,0.046522956
2015-07-24,0.022001246000000002,0.024059901,0.03881128,0.033898726000000004,0.034998726,0.03378222,0.02599351,0.031063996,0.031530894,0.038317632000000004,0.06509383,0.02915044,0.032365683,0.04391787,0.026284065,0.01873819,0.026116027000000003
2015-07-31,0.025306348,0.023237087000000003,0.03199521,0.035759974,0.041641977000000004,0.036302477,0.02912595,0.024856085,0.04484973,0.039232403,0.04462408599999999,0.035012975,0.03869304,0.03929649,0.03782055,0.01774549,0.04879721
2015-08-07,0.018005807,0.034355313,0.034274526,0.030275952000000002,0.03753527,0.054230075,0.024155311000000002,0.026325496,0.052041825,0.039206423,0.03647638,0.029542476,0.02642696,0.06642362,0.026272336,0.024256227999999998,0.034846094
2015-08-14,0.04110235,0.028555129,0.030371765,0.054666266,0.030495377,0.045584194,0.045921993,0.037515342,0.036469486,0.04216367,0.040947746,0.031155732000000002,0.047179077,0.041132968,0.02791365,0.051194366,0.021938502999999998
2015-08-21,0.021238856,0.027809478,0.03579775,0.035160962000000004,0.030596426,0.036448784,0.07784036,0.04448918599999999,0.028401597999999997,0.055287812,0.03856822,0.037508912,0.034264497000000005,0.052112937000000005,0.026948066,0.048022784000000006,0.018743628999999998
2015-08-28,0.040414304,0.02866202,0.03285649,0.035856962,0.024297995,0.04727924,0.050488297,0.027461274,0.04306176,0.04037785,0.040192056000000004,0.05700475,0.03027479,0.042860712999999995,0.028080892000000003,0.040632407999999995,0.033470035
2015-09-04,0.030587474,0.045319732,0.03619028,0.049210902,0.028015394,0.0654894,0.032022413,0.026443465,0.02999981,0.08492189,0.030077272999999998,0.03913384,0.06603655,0.04911679,0.046111066,0.023842845,0.026870002999999996
2015-09-11,0.020246673,0.054024957,0.07784899,0.032200325,0.03703545,0.04222667,0.03791538,0.02268897,0.07129622,0.041954197,0.029784074,0.030414825,0.021873824,0.05944203,0.04031629,0.05409449,0.03783932
2015-09-18,0.046264495999999995,0.03028029,0.034490123,0.053803347,0.026710792999999997,0.039743363999999996,0.028888907000000002,0.028860182,0.030963216000000002,0.05778354,0.04848704,0.03995742,0.024508098,0.047279637,0.02963119,0.051266756,0.027100017
2015-09-25,0.029285414,0.025196608,0.038664628,0.026572322000000002,0.025105527000000002,0.048437838,0.026604874,0.022503767,0.042851422,0.04363883,0.027085396,0.04849323,0.042840235,0.044532817,0.046434924,0.030493597,0.046952855
2015-10-02,0.018995862,0.033389457000000004,0.047638337999999995,0.03041903,0.029054097999999997,0.06009461,0.029616398999999998,0.029860672,0.030918077999999998,0.04237318,0.036354255,0.05981644,0.045778953,0.042521067,0.03140326,0.025030915,0.02264614
2015-10-09,0.035000835,0.03328691,0.044172492,0.035583515,0.030259937,0.05482635,0.024322648,0.02765356,0.031377774,0.041727494,0.03032441,0.029102296,0.029523212000000004,0.041626062,0.03662038,0.018336378,0.030050846000000003
2015-10-16,0.08909277,0.03560449,0.06517845,0.039714348,0.036330733,0.05408851,0.026707533999999998,0.034938566000000004,0.05366903,0.03024676,0.03253328,0.036876284,0.023045264,0.04207166,0.040264726,0.02856089,0.023408512000000003
2015-10-23,0.03592994,0.03277591,0.043463714,0.032577395,0.02099637,0.050665777,0.036465164,0.026109833,0.03282993,0.05107288,0.045256406,0.03184291,0.024908782999999997,0.043895062,0.0323408,0.034138516,0.02736566
2015-10-30,0.04278848,0.032755293,0.045271132,0.03362527,0.028395696,0.061530147,0.02529845,0.02593363,0.059265457,0.04221295,0.046896756,0.047960185,0.03920281,0.056883853,0.04186969,0.039821267,0.04449253
2015-11-06,0.025607085,0.113399275,0.04577917,0.07071237,0.032111466,0.042886965,0.04262848599999999,0.029670393,0.038838204,0.040151957,0.039905388,0.05398896,0.031995784,0.050727207,0.03133077,0.025276074,0.027376587
2015-11-13,0.028874181000000002,0.0465375,0.040035162,0.032218076,0.026334793999999998,0.08033589,0.028158387000000003,0.047337934000000005,0.03232426,0.061296212999999995,0.029314613,0.03152101,0.025516752,0.05629869999999999,0.037055578,0.02777026,0.024255201
2015-11-20,0.03383342,0.026500382000000003,0.05108305,0.041998386,0.030983372000000002,0.060442857,0.03077439,0.03437099,0.05678473,0.043167368,0.03022815,0.034039274,0.028050242000000003,0.055507112000000004,0.03603923,0.024783282,0.035350394
2015-11-27,0.03133406,0.034625776000000004,0.049553774,0.037472083999999996,0.025605645,0.055037454000000006,0.026694022,0.032837156,0.031076852000000002,0.056929354,0.05860950400000001,0.054789554000000004,0.028886367000000003,0.049952142000000005,0.032945335,0.03511516,0.030086767
2015-12-04,0.033111576000000004,0.038427196000000004,0.044371303,0.033718754,0.02622915,0.05400678,0.036060896,0.032583024,0.041883904,0.020784523,0.031226195,0.036494855,0.045192838,0.05414497,0.03281744,0.025906581,0.035360202
2015-12-11,0.023915196,0.030790545,0.045322306,0.03339803,0.036914143999999996,0.04560662,0.040902674,0.026822055,0.036072597000000005,0.03989132,0.029609932999999998,0.039643295,0.028037173999999998,0.04615579,0.032189763999999996,0.024929332999999998,0.08526287
2015-12-18,0.022532385,0.03485336,0.04044195,0.044761907000000004,0.03012787,0.06254613,0.03555004,0.08298227,0.03430047,0.04038252,0.036981087,0.02459213,0.026631534,0.0481892,0.044481464000000005,0.019212808,0.07163489
